animal_id	dataset	host_species	host_order	diet	host_animal_type	host_class	captivity_status	n_candidate_genomes	sample_id	genomes
ERS22453889	EHI_2025	Calotriton asper	NA	NA	salamander_caudate	amphibian	wild	2	AJP69	EHM047944;EHM047953
ERS22453891	EHI_2025	Calotriton asper	NA	NA	salamander_caudate	amphibian	wild	1	AJP49	EHM047810
ERS22453892	EHI_2025	Calotriton asper	NA	NA	salamander_caudate	amphibian	wild	1	AJP38	EHM047778
ERS22453895	EHI_2025	Calotriton asper	NA	NA	salamander_caudate	amphibian	wild	1	AJP60	EHM059937
ERS22453896	EHI_2025	Calotriton asper	NA	NA	salamander_caudate	amphibian	wild	2	AJP41	EHM059625;EHM059649
ERS22453898	EHI_2025	Calotriton asper	NA	NA	salamander_caudate	amphibian	wild	1	AJP56	EHM047764
ERS22453900	EHI_2025	Calotriton asper	NA	NA	salamander_caudate	amphibian	wild	2	AJP40	EHM059951;EHM059967
ERS22453901	EHI_2025	Calotriton asper	NA	NA	salamander_caudate	amphibian	wild	1	AJP64	EHM059794
ERS22453904	EHI_2025	Calotriton asper	NA	NA	salamander_caudate	amphibian	wild	1	AJP63	EHM062335
ERS22455844	EHI_2025	Calotriton asper	NA	NA	salamander_caudate	amphibian	wild	1	AJP59	EHM059669
ERS22455845	EHI_2025	Calotriton asper	NA	NA	salamander_caudate	amphibian	wild	1	AJP61	EHM060011
ERS22455847	EHI_2025	Calotriton asper	NA	NA	salamander_caudate	amphibian	wild	1	AJP67	EHM060141
ERS22455849	EHI_2025	Calotriton asper	NA	NA	salamander_caudate	amphibian	wild	2	AJP42	EHM060058;EHM060080
ERS22455850	EHI_2025	Calotriton asper	NA	NA	salamander_caudate	amphibian	wild	1	AJP44	EHM059885
ERS22455854	EHI_2025	Calotriton asper	NA	NA	salamander_caudate	amphibian	wild	1	AJP43	EHM062140
ERS22455855	EHI_2025	Calotriton asper	NA	NA	salamander_caudate	amphibian	wild	2	AJP48	EHM047981;EHM048000
ERS22455856	EHI_2025	Calotriton asper	NA	NA	salamander_caudate	amphibian	wild	1	AJP47	EHM047852
ERS22455857	EHI_2025	Calotriton asper	NA	NA	salamander_caudate	amphibian	wild	1	AJP55	EHM047896
ERS22455865	EHI_2025	Lissotriton helveticus	NA	NA	salamander_caudate	amphibian	wild	1	AAO95	EHM034849
ERS22455870	EHI_2025	Lissotriton helveticus	NA	NA	salamander_caudate	amphibian	wild	1	AAP80	EHM034674
ERS22455871	EHI_2025	Lissotriton helveticus	NA	NA	salamander_caudate	amphibian	wild	1	AGO48	EHM058641
ERS22455875	EHI_2025	Lissotriton helveticus	NA	NA	salamander_caudate	amphibian	wild	1	AGO98	EHM058900
ERS22455877	EHI_2025	Lissotriton helveticus	NA	NA	salamander_caudate	amphibian	wild	1	AGO37	EHM058709
ERS22455919	EHI_2025	Lissotriton helveticus	NA	NA	salamander_caudate	amphibian	wild	1	AGO11	EHM059280
ERS22455926	EHI_2025	Lissotriton helveticus	NA	NA	salamander_caudate	amphibian	wild	1	AGO39	EHM059405
ERS22455938	EHI_2025	Lissotriton helveticus	NA	NA	salamander_caudate	amphibian	wild	1	AGP43	EHM059360
ERS22455942	EHI_2025	Lissotriton helveticus	NA	NA	salamander_caudate	amphibian	wild	1	AGO24	EHM059230
ERS22455945	EHI_2025	Lissotriton helveticus	NA	NA	salamander_caudate	amphibian	wild	1	AGO22	EHM058980
ERS22455953	EHI_2025	Lissotriton helveticus	NA	NA	salamander_caudate	amphibian	wild	1	AGO88	EHM059433
ERS22455957	EHI_2025	Lissotriton helveticus	NA	NA	salamander_caudate	amphibian	wild	1	AGO81	EHM035134
ERS22455958	EHI_2025	Lissotriton helveticus	NA	NA	salamander_caudate	amphibian	wild	1	AGO89	EHM059333
ERS22455981	EHI_2025	Lissotriton helveticus	NA	NA	salamander_caudate	amphibian	wild	1	AGP08	EHM058669
ERS22456003	EHI_2025	Lissotriton helveticus	NA	NA	salamander_caudate	amphibian	wild	1	AAP06	EHM034774
ERS22557241	EHI_2025	Lissotriton helveticus	NA	NA	salamander_caudate	amphibian	wild	1	AAQ19	EHM035176
ERS22557275	EHI_2025	Lissotriton helveticus	NA	NA	salamander_caudate	amphibian	wild	1	AGP24	EHM058879
ERS22557283	EHI_2025	Lissotriton helveticus	NA	NA	salamander_caudate	amphibian	wild	1	AGO36	EHM059008
ERS22557286	EHI_2025	Lissotriton helveticus	NA	NA	salamander_caudate	amphibian	wild	1	AGP62	EHM059064
ERS22557293	EHI_2025	Lissotriton helveticus	NA	NA	salamander_caudate	amphibian	wild	1	AGO38	EHM058453
ERS22557296	EHI_2025	Lissotriton helveticus	NA	NA	salamander_caudate	amphibian	wild	1	AGO45	EHM059216
ERS22557297	EHI_2025	Lissotriton helveticus	NA	NA	salamander_caudate	amphibian	wild	1	AAQ15	EHM034802
ERS22557308	EHI_2025	Lissotriton helveticus	NA	NA	salamander_caudate	amphibian	wild	1	AGO32	EHM058794
ERS22557309	EHI_2025	Lissotriton helveticus	NA	NA	salamander_caudate	amphibian	wild	1	AAQ17	EHM034720
ERS22557400	EHI_2025	Lissotriton helveticus	NA	NA	salamander_caudate	amphibian	wild	1	AGP25	EHM058357
ERS22557403	EHI_2025	Lissotriton helveticus	NA	NA	salamander_caudate	amphibian	wild	1	AAO82	EHM035240
ERS22557404	EHI_2025	Lissotriton helveticus	NA	NA	salamander_caudate	amphibian	wild	1	AGO21	EHM058340
ERS22557409	EHI_2025	Lissotriton helveticus	NA	NA	salamander_caudate	amphibian	wild	1	AAP46	EHM034692
STP248	herptile_MAG	Ambystoma jeffersonianum	Caudata	Insectivore	Salamander	amphibian	wild	1	STP248.12601	STP248.12601_R.bin.118
UHM1073	herptile_MAG	Lithobates clamitans	Anura	Carnivore	Frog	amphibian	wild	2	UHM1073.23039|UHM1073.41096	UHM1073.23039_R.bin.125;UHM1073.41096_R.bin.3
UHM1080	herptile_MAG	Lithobates clamitans	Anura	Carnivore	Frog	amphibian	wild	2	UHM1080.23066|UHM1080.41097	UHM1080.23066_R.bin.163;UHM1080.41097_R.bin.147
UHM1088	herptile_MAG	Lithobates clamitans	Anura	Carnivore	Frog	amphibian	wild	3	UHM1088.23067	UHM1088.23067_R.bin.120;UHM1088.23067_R.bin.32;UHM1088.23067_R.bin.54
UHM1171	herptile_MAG	Pseudotriton ruber	Caudata	Insectivore	Salamander	amphibian	wild	2	UHM1171.23069|UHM1171.41104	UHM1171.23069_R.bin.59;UHM1171.41104_R.bin.105
UHM1210	herptile_MAG	Plethodon metcalfi	Caudata	Insectivore	Salamander	amphibian	wild	4	UHM1210.23070|UHM1210.41100	UHM1210.23070_R.bin.101;UHM1210.23070_R.bin.42;UHM1210.41100_R.bin.142;UHM1210.41100_R.bin.82
UHM1228	herptile_MAG	Plethodon metcalfi	Caudata	Insectivore	Salamander	amphibian	wild	4	UHM1228.23072|UHM1228.41102	UHM1228.23072_R.bin.121;UHM1228.23072_R.bin.133;UHM1228.41102_R.bin.214;UHM1228.41102_R.bin.234
UHM1327	herptile_MAG	Desmognathus quadramaculatus	Caudata	Insectivore	Salamander	amphibian	wild	4	UHM1327.23073|UHM1327.41103	UHM1327.23073_R.bin.116;UHM1327.23073_R.bin.92;UHM1327.41103_R.bin.200;UHM1327.41103_R.bin.48
UHM298	herptile_MAG	Desmognathus fuscus	Caudata	Insectivore	Salamander	amphibian	wild	2	UHM298.41072	UHM298.41072_R.bin.71;UHM298.41072_R.bin.90
UHM905	herptile_MAG	Pseudotriton ruber	Caudata	Insectivore	Salamander	amphibian	captive	1	UHM905.23056	UHM905.23056_R.bin.2
UHM967	herptile_MAG	Lithobates sphenocephalus	Anura	Insectivore	Frog	amphibian	wild	2	UHM967.23060	UHM967.23060_R.bin.185;UHM967.23060_R.bin.25
UHM969	herptile_MAG	Lithobates sphenocephalus	Anura	Insectivore	Frog	amphibian	wild	1	UHM969.23061	UHM969.23061_R.bin.75
UHM973	herptile_MAG	Ambystoma texanum	Caudata	Insectivore	Salamander	amphibian	wild	1	UHM973.23044	UHM973.23044_R.bin.53
UHM975	herptile_MAG	Lithobates sphenocephalus	Anura	Insectivore	Frog	amphibian	wild	2	UHM975.23062	UHM975.23062_R.bin.127;UHM975.23062_R.bin.227
UHM978	herptile_MAG	Lithobates sphenocephalus	Anura	Insectivore	Frog	amphibian	wild	2	UHM978.41088	UHM978.41088_R.bin.167;UHM978.41088_R.bin.48
UHM979	herptile_MAG	Lithobates sphenocephalus	Anura	Insectivore	Frog	amphibian	wild	4	UHM979.23045|UHM979.41089	UHM979.23045_R.bin.163;UHM979.23045_R.bin.164;UHM979.41089_R.bin.103;UHM979.41089_R.bin.108
UHM982	herptile_MAG	Lithobates clamitans	Anura	Carnivore	Frog	amphibian	wild	2	UHM982.23046|UHM982.41090	UHM982.23046_R.bin.5;UHM982.41090_R.bin.126
UHM984	herptile_MAG	Lithobates sphenocephalus	Anura	Insectivore	Frog	amphibian	wild	4	UHM984.23047|UHM984.41091	UHM984.23047_R.bin.124;UHM984.23047_R.bin.181;UHM984.41091_R.bin.113;UHM984.41091_R.bin.130
UHM989	herptile_MAG	Lithobates sphenocephalus	Anura	Insectivore	Frog	amphibian	wild	7	UHM989.23064|UHM989.41093	UHM989.23064_R.bin.100;UHM989.23064_R.bin.194;UHM989.23064_R.bin.223;UHM989.23064_R.bin.46;UHM989.41093_R.bin.4;UHM989.41093_R.bin.78;UHM989.41093_R.bin.9
UHM993	herptile_MAG	Lithobates clamitans	Anura	Carnivore	Frog	amphibian	wild	4	UHM993.23065|UHM993.41094	UHM993.23065_R.bin.137;UHM993.23065_R.bin.40;UHM993.41094_R.bin.28;UHM993.41094_R.bin.6
