amphibian_genome	ref_accession	ref_species	dali_clade	AAI_pct	n_RBH
EHM034529	RS_GCF_000020225.1	A. muciniphila	mammal	58.76	1323
EHM034529	RS_GCF_023516715.1	A. massiliensis	mammal	58.28	1368
EHM034529	RS_GCF_026072915.1	A. biwaensis	mammal	58.57	1339
EHM034529	RS_GCF_001683795.1	A. glycaniphila	reptile	59.83	1290
EHM034529	GB_GCA_019115065.1	A. intestinavium	avian	55.00	1123
EHM034529	GB_GCA_019114365.1	A. intestinigallinarum	avian	54.95	1079
EHM034545	RS_GCF_000020225.1	A. muciniphila	mammal	58.62	1321
EHM034545	RS_GCF_023516715.1	A. massiliensis	mammal	58.38	1353
EHM034545	RS_GCF_026072915.1	A. biwaensis	mammal	58.53	1337
EHM034545	RS_GCF_001683795.1	A. glycaniphila	reptile	59.93	1278
EHM034545	GB_GCA_019115065.1	A. intestinavium	avian	54.90	1118
EHM034545	GB_GCA_019114365.1	A. intestinigallinarum	avian	54.86	1076
EHM034581	RS_GCF_000020225.1	A. muciniphila	mammal	77.42	1728
EHM034581	RS_GCF_023516715.1	A. massiliensis	mammal	76.81	1857
EHM034581	RS_GCF_026072915.1	A. biwaensis	mammal	78.02	1788
EHM034581	RS_GCF_001683795.1	A. glycaniphila	reptile	58.15	1476
EHM034581	GB_GCA_019115065.1	A. intestinavium	avian	54.25	1224
EHM034581	GB_GCA_019114365.1	A. intestinigallinarum	avian	54.07	1180
EHM034590	RS_GCF_000020225.1	A. muciniphila	mammal	59.04	1118
EHM034590	RS_GCF_023516715.1	A. massiliensis	mammal	58.56	1148
EHM034590	RS_GCF_026072915.1	A. biwaensis	mammal	59.04	1127
EHM034590	RS_GCF_001683795.1	A. glycaniphila	reptile	60.17	1082
EHM034590	GB_GCA_019115065.1	A. intestinavium	avian	54.89	945
EHM034590	GB_GCA_019114365.1	A. intestinigallinarum	avian	54.77	913
EHM034661	RS_GCF_000020225.1	A. muciniphila	mammal	77.39	1730
EHM034661	RS_GCF_023516715.1	A. massiliensis	mammal	76.97	1845
EHM034661	RS_GCF_026072915.1	A. biwaensis	mammal	78.02	1790
EHM034661	RS_GCF_001683795.1	A. glycaniphila	reptile	58.24	1475
EHM034661	GB_GCA_019115065.1	A. intestinavium	avian	54.27	1225
EHM034661	GB_GCA_019114365.1	A. intestinigallinarum	avian	54.16	1179
EHM034722	RS_GCF_000020225.1	A. muciniphila	mammal	58.81	1212
EHM034722	RS_GCF_023516715.1	A. massiliensis	mammal	58.10	1264
EHM034722	RS_GCF_026072915.1	A. biwaensis	mammal	58.53	1238
EHM034722	RS_GCF_001683795.1	A. glycaniphila	reptile	59.98	1179
EHM034722	GB_GCA_019115065.1	A. intestinavium	avian	54.97	1033
EHM034722	GB_GCA_019114365.1	A. intestinigallinarum	avian	54.70	993
EHM034775	RS_GCF_000020225.1	A. muciniphila	mammal	77.77	1637
EHM034775	RS_GCF_023516715.1	A. massiliensis	mammal	78.10	1695
EHM034775	RS_GCF_026072915.1	A. biwaensis	mammal	78.50	1667
EHM034775	RS_GCF_001683795.1	A. glycaniphila	reptile	58.48	1372
EHM034775	GB_GCA_019115065.1	A. intestinavium	avian	54.55	1164
EHM034775	GB_GCA_019114365.1	A. intestinigallinarum	avian	54.43	1121
EHM034790	RS_GCF_000020225.1	A. muciniphila	mammal	77.57	1716
EHM034790	RS_GCF_023516715.1	A. massiliensis	mammal	77.48	1802
EHM034790	RS_GCF_026072915.1	A. biwaensis	mammal	78.34	1778
EHM034790	RS_GCF_001683795.1	A. glycaniphila	reptile	58.44	1458
EHM034790	GB_GCA_019115065.1	A. intestinavium	avian	54.48	1217
EHM034790	GB_GCA_019114365.1	A. intestinigallinarum	avian	54.34	1168
EHM034803	RS_GCF_000020225.1	A. muciniphila	mammal	58.47	1332
EHM034803	RS_GCF_023516715.1	A. massiliensis	mammal	57.84	1386
EHM034803	RS_GCF_026072915.1	A. biwaensis	mammal	58.29	1347
EHM034803	RS_GCF_001683795.1	A. glycaniphila	reptile	59.75	1284
EHM034803	GB_GCA_019115065.1	A. intestinavium	avian	54.66	1125
EHM034803	GB_GCA_019114365.1	A. intestinigallinarum	avian	54.63	1083
EHM034857	RS_GCF_000020225.1	A. muciniphila	mammal	77.35	1735
EHM034857	RS_GCF_023516715.1	A. massiliensis	mammal	77.31	1840
EHM034857	RS_GCF_026072915.1	A. biwaensis	mammal	78.18	1757
EHM034857	RS_GCF_001683795.1	A. glycaniphila	reptile	58.44	1469
EHM034857	GB_GCA_019115065.1	A. intestinavium	avian	54.48	1215
EHM034857	GB_GCA_019114365.1	A. intestinigallinarum	avian	54.43	1167
EHM034862	RS_GCF_000020225.1	A. muciniphila	mammal	58.61	1331
EHM034862	RS_GCF_023516715.1	A. massiliensis	mammal	58.23	1373
EHM034862	RS_GCF_026072915.1	A. biwaensis	mammal	58.51	1351
EHM034862	RS_GCF_001683795.1	A. glycaniphila	reptile	59.80	1295
EHM034862	GB_GCA_019115065.1	A. intestinavium	avian	54.84	1131
EHM034862	GB_GCA_019114365.1	A. intestinigallinarum	avian	54.83	1083
EHM034884	RS_GCF_000020225.1	A. muciniphila	mammal	58.99	1295
EHM034884	RS_GCF_023516715.1	A. massiliensis	mammal	58.68	1330
EHM034884	RS_GCF_026072915.1	A. biwaensis	mammal	58.99	1312
EHM034884	RS_GCF_001683795.1	A. glycaniphila	reptile	60.10	1266
EHM034884	GB_GCA_019115065.1	A. intestinavium	avian	55.12	1105
EHM034884	GB_GCA_019114365.1	A. intestinigallinarum	avian	54.98	1058
EHM034886	RS_GCF_000020225.1	A. muciniphila	mammal	77.43	1710
EHM034886	RS_GCF_023516715.1	A. massiliensis	mammal	76.81	1888
EHM034886	RS_GCF_026072915.1	A. biwaensis	mammal	77.79	1756
EHM034886	RS_GCF_001683795.1	A. glycaniphila	reptile	57.93	1461
EHM034886	GB_GCA_019115065.1	A. intestinavium	avian	54.10	1215
EHM034886	GB_GCA_019114365.1	A. intestinigallinarum	avian	54.14	1156
EHM034914	RS_GCF_000020225.1	A. muciniphila	mammal	58.67	1161
EHM034914	RS_GCF_023516715.1	A. massiliensis	mammal	58.14	1196
EHM034914	RS_GCF_026072915.1	A. biwaensis	mammal	58.45	1178
EHM034914	RS_GCF_001683795.1	A. glycaniphila	reptile	60.14	1120
EHM034914	GB_GCA_019115065.1	A. intestinavium	avian	55.20	966
EHM034914	GB_GCA_019114365.1	A. intestinigallinarum	avian	54.96	943
EHM035138	RS_GCF_000020225.1	A. muciniphila	mammal	77.70	1707
EHM035138	RS_GCF_023516715.1	A. massiliensis	mammal	77.76	1776
EHM035138	RS_GCF_026072915.1	A. biwaensis	mammal	78.41	1764
EHM035138	RS_GCF_001683795.1	A. glycaniphila	reptile	58.57	1447
EHM035138	GB_GCA_019115065.1	A. intestinavium	avian	54.51	1213
EHM035138	GB_GCA_019114365.1	A. intestinigallinarum	avian	54.42	1165
EHM035162	RS_GCF_000020225.1	A. muciniphila	mammal	58.55	1333
EHM035162	RS_GCF_023516715.1	A. massiliensis	mammal	58.03	1380
EHM035162	RS_GCF_026072915.1	A. biwaensis	mammal	58.41	1347
EHM035162	RS_GCF_001683795.1	A. glycaniphila	reptile	59.85	1287
EHM035162	GB_GCA_019115065.1	A. intestinavium	avian	54.75	1127
EHM035162	GB_GCA_019114365.1	A. intestinigallinarum	avian	54.66	1086
EHM035226	RS_GCF_000020225.1	A. muciniphila	mammal	58.63	1330
EHM035226	RS_GCF_023516715.1	A. massiliensis	mammal	58.26	1373
EHM035226	RS_GCF_026072915.1	A. biwaensis	mammal	58.55	1347
EHM035226	RS_GCF_001683795.1	A. glycaniphila	reptile	59.83	1294
EHM035226	GB_GCA_019115065.1	A. intestinavium	avian	54.89	1128
EHM035226	GB_GCA_019114365.1	A. intestinigallinarum	avian	54.81	1083
EHM035248	RS_GCF_000020225.1	A. muciniphila	mammal	58.84	1314
EHM035248	RS_GCF_023516715.1	A. massiliensis	mammal	58.47	1344
EHM035248	RS_GCF_026072915.1	A. biwaensis	mammal	58.62	1330
EHM035248	RS_GCF_001683795.1	A. glycaniphila	reptile	60.11	1265
EHM035248	GB_GCA_019115065.1	A. intestinavium	avian	54.99	1111
EHM035248	GB_GCA_019114365.1	A. intestinigallinarum	avian	54.84	1072
EHM035309	RS_GCF_000020225.1	A. muciniphila	mammal	77.66	1711
EHM035309	RS_GCF_023516715.1	A. massiliensis	mammal	77.66	1787
EHM035309	RS_GCF_026072915.1	A. biwaensis	mammal	78.41	1774
EHM035309	RS_GCF_001683795.1	A. glycaniphila	reptile	58.53	1449
EHM035309	GB_GCA_019115065.1	A. intestinavium	avian	54.49	1218
EHM035309	GB_GCA_019114365.1	A. intestinigallinarum	avian	54.38	1169
EHM035336	RS_GCF_000020225.1	A. muciniphila	mammal	77.54	1710
EHM035336	RS_GCF_023516715.1	A. massiliensis	mammal	77.01	1829
EHM035336	RS_GCF_026072915.1	A. biwaensis	mammal	77.97	1791
EHM035336	RS_GCF_001683795.1	A. glycaniphila	reptile	58.31	1478
EHM035336	GB_GCA_019115065.1	A. intestinavium	avian	54.30	1225
EHM035336	GB_GCA_019114365.1	A. intestinigallinarum	avian	54.15	1180
EHM035359	RS_GCF_000020225.1	A. muciniphila	mammal	58.59	1326
EHM035359	RS_GCF_023516715.1	A. massiliensis	mammal	58.27	1360
EHM035359	RS_GCF_026072915.1	A. biwaensis	mammal	58.57	1335
EHM035359	RS_GCF_001683795.1	A. glycaniphila	reptile	59.90	1280
EHM035359	GB_GCA_019115065.1	A. intestinavium	avian	54.94	1116
EHM035359	GB_GCA_019114365.1	A. intestinigallinarum	avian	54.83	1073
EHM047745	RS_GCF_000020225.1	A. muciniphila	mammal	59.03	976
EHM047745	RS_GCF_023516715.1	A. massiliensis	mammal	58.62	1009
EHM047745	RS_GCF_026072915.1	A. biwaensis	mammal	58.97	990
EHM047745	RS_GCF_001683795.1	A. glycaniphila	reptile	60.07	980
EHM047745	GB_GCA_019115065.1	A. intestinavium	avian	54.92	833
EHM047745	GB_GCA_019114365.1	A. intestinigallinarum	avian	54.88	811
EHM047773	RS_GCF_000020225.1	A. muciniphila	mammal	58.48	1483
EHM047773	RS_GCF_023516715.1	A. massiliensis	mammal	58.46	1567
EHM047773	RS_GCF_026072915.1	A. biwaensis	mammal	58.63	1527
EHM047773	RS_GCF_001683795.1	A. glycaniphila	reptile	89.67	2105
EHM047773	GB_GCA_019115065.1	A. intestinavium	avian	58.15	1273
EHM047773	GB_GCA_019114365.1	A. intestinigallinarum	avian	58.27	1222
EHM047851	RS_GCF_000020225.1	A. muciniphila	mammal	77.60	1690
EHM047851	RS_GCF_023516715.1	A. massiliensis	mammal	77.48	1784
EHM047851	RS_GCF_026072915.1	A. biwaensis	mammal	78.13	1748
EHM047851	RS_GCF_001683795.1	A. glycaniphila	reptile	58.33	1444
EHM047851	GB_GCA_019115065.1	A. intestinavium	avian	54.26	1209
EHM047851	GB_GCA_019114365.1	A. intestinigallinarum	avian	54.34	1151
EHM047854	RS_GCF_000020225.1	A. muciniphila	mammal	58.37	1330
EHM047854	RS_GCF_023516715.1	A. massiliensis	mammal	57.90	1377
EHM047854	RS_GCF_026072915.1	A. biwaensis	mammal	58.20	1351
EHM047854	RS_GCF_001683795.1	A. glycaniphila	reptile	59.58	1302
EHM047854	GB_GCA_019115065.1	A. intestinavium	avian	54.56	1136
EHM047854	GB_GCA_019114365.1	A. intestinigallinarum	avian	54.56	1088
EHM047874	RS_GCF_000020225.1	A. muciniphila	mammal	58.48	1321
EHM047874	RS_GCF_023516715.1	A. massiliensis	mammal	58.03	1368
EHM047874	RS_GCF_026072915.1	A. biwaensis	mammal	58.35	1341
EHM047874	RS_GCF_001683795.1	A. glycaniphila	reptile	59.69	1289
EHM047874	GB_GCA_019115065.1	A. intestinavium	avian	54.72	1123
EHM047874	GB_GCA_019114365.1	A. intestinigallinarum	avian	54.58	1084
EHM047973	RS_GCF_000020225.1	A. muciniphila	mammal	58.50	1315
EHM047973	RS_GCF_023516715.1	A. massiliensis	mammal	58.02	1366
EHM047973	RS_GCF_026072915.1	A. biwaensis	mammal	58.33	1338
EHM047973	RS_GCF_001683795.1	A. glycaniphila	reptile	59.68	1287
EHM047973	GB_GCA_019115065.1	A. intestinavium	avian	54.64	1121
EHM047973	GB_GCA_019114365.1	A. intestinigallinarum	avian	54.55	1076
EHM047993	RS_GCF_000020225.1	A. muciniphila	mammal	58.49	1309
EHM047993	RS_GCF_023516715.1	A. massiliensis	mammal	57.90	1371
EHM047993	RS_GCF_026072915.1	A. biwaensis	mammal	58.34	1329
EHM047993	RS_GCF_001683795.1	A. glycaniphila	reptile	59.70	1292
EHM047993	GB_GCA_019115065.1	A. intestinavium	avian	54.58	1120
EHM047993	GB_GCA_019114365.1	A. intestinigallinarum	avian	54.55	1074
EHM058418	RS_GCF_000020225.1	A. muciniphila	mammal	58.90	1300
EHM058418	RS_GCF_023516715.1	A. massiliensis	mammal	58.66	1336
EHM058418	RS_GCF_026072915.1	A. biwaensis	mammal	58.75	1322
EHM058418	RS_GCF_001683795.1	A. glycaniphila	reptile	60.13	1265
EHM058418	GB_GCA_019115065.1	A. intestinavium	avian	55.14	1108
EHM058418	GB_GCA_019114365.1	A. intestinigallinarum	avian	55.05	1064
EHM058433	RS_GCF_000020225.1	A. muciniphila	mammal	77.56	1562
EHM058433	RS_GCF_023516715.1	A. massiliensis	mammal	77.62	1659
EHM058433	RS_GCF_026072915.1	A. biwaensis	mammal	78.37	1601
EHM058433	RS_GCF_001683795.1	A. glycaniphila	reptile	58.84	1335
EHM058433	GB_GCA_019115065.1	A. intestinavium	avian	54.84	1118
EHM058433	GB_GCA_019114365.1	A. intestinigallinarum	avian	54.91	1074
EHM058620	RS_GCF_000020225.1	A. muciniphila	mammal	77.24	1741
EHM058620	RS_GCF_023516715.1	A. massiliensis	mammal	77.12	1882
EHM058620	RS_GCF_026072915.1	A. biwaensis	mammal	78.14	1761
EHM058620	RS_GCF_001683795.1	A. glycaniphila	reptile	58.33	1478
EHM058620	GB_GCA_019115065.1	A. intestinavium	avian	54.33	1222
EHM058620	GB_GCA_019114365.1	A. intestinigallinarum	avian	54.41	1167
EHM058666	RS_GCF_000020225.1	A. muciniphila	mammal	77.61	1660
EHM058666	RS_GCF_023516715.1	A. massiliensis	mammal	77.36	1741
EHM058666	RS_GCF_026072915.1	A. biwaensis	mammal	78.19	1710
EHM058666	RS_GCF_001683795.1	A. glycaniphila	reptile	58.51	1412
EHM058666	GB_GCA_019115065.1	A. intestinavium	avian	54.66	1167
EHM058666	GB_GCA_019114365.1	A. intestinigallinarum	avian	54.61	1127
EHM058679	RS_GCF_000020225.1	A. muciniphila	mammal	58.61	1328
EHM058679	RS_GCF_023516715.1	A. massiliensis	mammal	58.31	1366
EHM058679	RS_GCF_026072915.1	A. biwaensis	mammal	58.56	1345
EHM058679	RS_GCF_001683795.1	A. glycaniphila	reptile	59.91	1286
EHM058679	GB_GCA_019115065.1	A. intestinavium	avian	54.84	1125
EHM058679	GB_GCA_019114365.1	A. intestinigallinarum	avian	54.74	1080
EHM058731	RS_GCF_000020225.1	A. muciniphila	mammal	77.68	1697
EHM058731	RS_GCF_023516715.1	A. massiliensis	mammal	77.59	1762
EHM058731	RS_GCF_026072915.1	A. biwaensis	mammal	78.31	1743
EHM058731	RS_GCF_001683795.1	A. glycaniphila	reptile	58.26	1442
EHM058731	GB_GCA_019115065.1	A. intestinavium	avian	54.47	1208
EHM058731	GB_GCA_019114365.1	A. intestinigallinarum	avian	54.51	1158
EHM058868	RS_GCF_000020225.1	A. muciniphila	mammal	58.61	1324
EHM058868	RS_GCF_023516715.1	A. massiliensis	mammal	58.24	1360
EHM058868	RS_GCF_026072915.1	A. biwaensis	mammal	58.48	1337
EHM058868	RS_GCF_001683795.1	A. glycaniphila	reptile	59.85	1277
EHM058868	GB_GCA_019115065.1	A. intestinavium	avian	54.73	1119
EHM058868	GB_GCA_019114365.1	A. intestinigallinarum	avian	54.62	1077
EHM058880	RS_GCF_000020225.1	A. muciniphila	mammal	77.61	1704
EHM058880	RS_GCF_023516715.1	A. massiliensis	mammal	77.35	1792
EHM058880	RS_GCF_026072915.1	A. biwaensis	mammal	78.24	1757
EHM058880	RS_GCF_001683795.1	A. glycaniphila	reptile	58.36	1459
EHM058880	GB_GCA_019115065.1	A. intestinavium	avian	54.45	1212
EHM058880	GB_GCA_019114365.1	A. intestinigallinarum	avian	54.40	1165
EHM058986	RS_GCF_000020225.1	A. muciniphila	mammal	77.59	1697
EHM058986	RS_GCF_023516715.1	A. massiliensis	mammal	77.73	1764
EHM058986	RS_GCF_026072915.1	A. biwaensis	mammal	78.25	1741
EHM058986	RS_GCF_001683795.1	A. glycaniphila	reptile	58.53	1436
EHM058986	GB_GCA_019115065.1	A. intestinavium	avian	54.50	1202
EHM058986	GB_GCA_019114365.1	A. intestinigallinarum	avian	54.45	1153
EHM059126	RS_GCF_000020225.1	A. muciniphila	mammal	58.69	1292
EHM059126	RS_GCF_023516715.1	A. massiliensis	mammal	58.30	1324
EHM059126	RS_GCF_026072915.1	A. biwaensis	mammal	58.61	1304
EHM059126	RS_GCF_001683795.1	A. glycaniphila	reptile	60.02	1247
EHM059126	GB_GCA_019115065.1	A. intestinavium	avian	55.13	1083
EHM059126	GB_GCA_019114365.1	A. intestinigallinarum	avian	54.90	1048
EHM059156	RS_GCF_000020225.1	A. muciniphila	mammal	77.53	1716
EHM059156	RS_GCF_023516715.1	A. massiliensis	mammal	77.40	1808
EHM059156	RS_GCF_026072915.1	A. biwaensis	mammal	78.30	1778
EHM059156	RS_GCF_001683795.1	A. glycaniphila	reptile	58.33	1474
EHM059156	GB_GCA_019115065.1	A. intestinavium	avian	54.43	1219
EHM059156	GB_GCA_019114365.1	A. intestinigallinarum	avian	54.38	1166
EHM059209	RS_GCF_000020225.1	A. muciniphila	mammal	58.66	1319
EHM059209	RS_GCF_023516715.1	A. massiliensis	mammal	58.29	1359
EHM059209	RS_GCF_026072915.1	A. biwaensis	mammal	58.55	1338
EHM059209	RS_GCF_001683795.1	A. glycaniphila	reptile	59.93	1275
EHM059209	GB_GCA_019115065.1	A. intestinavium	avian	54.90	1117
EHM059209	GB_GCA_019114365.1	A. intestinigallinarum	avian	54.84	1071
EHM059270	RS_GCF_000020225.1	A. muciniphila	mammal	77.67	1706
EHM059270	RS_GCF_023516715.1	A. massiliensis	mammal	77.17	1815
EHM059270	RS_GCF_026072915.1	A. biwaensis	mammal	77.93	1778
EHM059270	RS_GCF_001683795.1	A. glycaniphila	reptile	58.21	1477
EHM059270	GB_GCA_019115065.1	A. intestinavium	avian	54.25	1224
EHM059270	GB_GCA_019114365.1	A. intestinigallinarum	avian	54.27	1174
EHM059424	RS_GCF_000020225.1	A. muciniphila	mammal	77.44	1732
EHM059424	RS_GCF_023516715.1	A. massiliensis	mammal	77.61	1821
EHM059424	RS_GCF_026072915.1	A. biwaensis	mammal	78.27	1764
EHM059424	RS_GCF_001683795.1	A. glycaniphila	reptile	58.41	1456
EHM059424	GB_GCA_019115065.1	A. intestinavium	avian	54.42	1224
EHM059424	GB_GCA_019114365.1	A. intestinigallinarum	avian	54.38	1174
EHM059442	RS_GCF_000020225.1	A. muciniphila	mammal	58.58	1325
EHM059442	RS_GCF_023516715.1	A. massiliensis	mammal	58.11	1371
EHM059442	RS_GCF_026072915.1	A. biwaensis	mammal	58.56	1337
EHM059442	RS_GCF_001683795.1	A. glycaniphila	reptile	59.77	1287
EHM059442	GB_GCA_019115065.1	A. intestinavium	avian	54.85	1119
EHM059442	GB_GCA_019114365.1	A. intestinigallinarum	avian	54.81	1075
EHM059595	RS_GCF_000020225.1	A. muciniphila	mammal	58.59	1329
EHM059595	RS_GCF_023516715.1	A. massiliensis	mammal	58.14	1366
EHM059595	RS_GCF_026072915.1	A. biwaensis	mammal	58.39	1347
EHM059595	RS_GCF_001683795.1	A. glycaniphila	reptile	59.89	1286
EHM059595	GB_GCA_019115065.1	A. intestinavium	avian	54.92	1121
EHM059595	GB_GCA_019114365.1	A. intestinigallinarum	avian	54.82	1078
EHM059643	RS_GCF_000020225.1	A. muciniphila	mammal	58.33	1010
EHM059643	RS_GCF_023516715.1	A. massiliensis	mammal	57.86	1044
EHM059643	RS_GCF_026072915.1	A. biwaensis	mammal	58.22	1027
EHM059643	RS_GCF_001683795.1	A. glycaniphila	reptile	59.55	983
EHM059643	GB_GCA_019115065.1	A. intestinavium	avian	54.56	853
EHM059643	GB_GCA_019114365.1	A. intestinigallinarum	avian	54.55	811
EHM059645	RS_GCF_000020225.1	A. muciniphila	mammal	77.59	1581
EHM059645	RS_GCF_023516715.1	A. massiliensis	mammal	77.55	1661
EHM059645	RS_GCF_026072915.1	A. biwaensis	mammal	78.36	1619
EHM059645	RS_GCF_001683795.1	A. glycaniphila	reptile	58.58	1349
EHM059645	GB_GCA_019115065.1	A. intestinavium	avian	54.51	1134
EHM059645	GB_GCA_019114365.1	A. intestinigallinarum	avian	54.62	1079
EHM059655	RS_GCF_000020225.1	A. muciniphila	mammal	77.56	1702
EHM059655	RS_GCF_023516715.1	A. massiliensis	mammal	77.20	1819
EHM059655	RS_GCF_026072915.1	A. biwaensis	mammal	78.22	1760
EHM059655	RS_GCF_001683795.1	A. glycaniphila	reptile	58.24	1461
EHM059655	GB_GCA_019115065.1	A. intestinavium	avian	54.14	1220
EHM059655	GB_GCA_019114365.1	A. intestinigallinarum	avian	54.32	1158
EHM059778	RS_GCF_000020225.1	A. muciniphila	mammal	77.45	1662
EHM059778	RS_GCF_023516715.1	A. massiliensis	mammal	77.11	1778
EHM059778	RS_GCF_026072915.1	A. biwaensis	mammal	78.18	1717
EHM059778	RS_GCF_001683795.1	A. glycaniphila	reptile	58.16	1421
EHM059778	GB_GCA_019115065.1	A. intestinavium	avian	54.03	1188
EHM059778	GB_GCA_019114365.1	A. intestinigallinarum	avian	54.14	1129
EHM059788	RS_GCF_000020225.1	A. muciniphila	mammal	58.62	1303
EHM059788	RS_GCF_023516715.1	A. massiliensis	mammal	58.31	1349
EHM059788	RS_GCF_026072915.1	A. biwaensis	mammal	58.40	1330
EHM059788	RS_GCF_001683795.1	A. glycaniphila	reptile	59.70	1287
EHM059788	GB_GCA_019115065.1	A. intestinavium	avian	54.72	1116
EHM059788	GB_GCA_019114365.1	A. intestinigallinarum	avian	54.80	1075
EHM059835	RS_GCF_000020225.1	A. muciniphila	mammal	58.53	1281
EHM059835	RS_GCF_023516715.1	A. massiliensis	mammal	58.12	1324
EHM059835	RS_GCF_026072915.1	A. biwaensis	mammal	58.37	1298
EHM059835	RS_GCF_001683795.1	A. glycaniphila	reptile	59.86	1242
EHM059835	GB_GCA_019115065.1	A. intestinavium	avian	54.80	1084
EHM059835	GB_GCA_019114365.1	A. intestinigallinarum	avian	54.77	1035
EHM059873	RS_GCF_000020225.1	A. muciniphila	mammal	77.43	1703
EHM059873	RS_GCF_023516715.1	A. massiliensis	mammal	77.29	1825
EHM059873	RS_GCF_026072915.1	A. biwaensis	mammal	78.17	1749
EHM059873	RS_GCF_001683795.1	A. glycaniphila	reptile	58.23	1456
EHM059873	GB_GCA_019115065.1	A. intestinavium	avian	54.19	1215
EHM059873	GB_GCA_019114365.1	A. intestinigallinarum	avian	54.34	1152
EHM059896	RS_GCF_000020225.1	A. muciniphila	mammal	58.35	1329
EHM059896	RS_GCF_023516715.1	A. massiliensis	mammal	57.95	1373
EHM059896	RS_GCF_026072915.1	A. biwaensis	mammal	58.24	1344
EHM059896	RS_GCF_001683795.1	A. glycaniphila	reptile	59.62	1297
EHM059896	GB_GCA_019115065.1	A. intestinavium	avian	54.54	1131
EHM059896	GB_GCA_019114365.1	A. intestinigallinarum	avian	54.64	1079
EHM059934	RS_GCF_000020225.1	A. muciniphila	mammal	58.45	1324
EHM059934	RS_GCF_023516715.1	A. massiliensis	mammal	58.02	1368
EHM059934	RS_GCF_026072915.1	A. biwaensis	mammal	58.21	1348
EHM059934	RS_GCF_001683795.1	A. glycaniphila	reptile	59.57	1296
EHM059934	GB_GCA_019115065.1	A. intestinavium	avian	54.57	1133
EHM059934	GB_GCA_019114365.1	A. intestinigallinarum	avian	54.50	1085
EHM059995	RS_GCF_000020225.1	A. muciniphila	mammal	58.41	1332
EHM059995	RS_GCF_023516715.1	A. massiliensis	mammal	58.15	1375
EHM059995	RS_GCF_026072915.1	A. biwaensis	mammal	58.27	1354
EHM059995	RS_GCF_001683795.1	A. glycaniphila	reptile	59.77	1295
EHM059995	GB_GCA_019115065.1	A. intestinavium	avian	54.71	1128
EHM059995	GB_GCA_019114365.1	A. intestinigallinarum	avian	54.71	1079
EHM060097	RS_GCF_000020225.1	A. muciniphila	mammal	58.39	1325
EHM060097	RS_GCF_023516715.1	A. massiliensis	mammal	57.90	1376
EHM060097	RS_GCF_026072915.1	A. biwaensis	mammal	58.27	1340
EHM060097	RS_GCF_001683795.1	A. glycaniphila	reptile	59.58	1295
EHM060097	GB_GCA_019115065.1	A. intestinavium	avian	54.50	1129
EHM060097	GB_GCA_019114365.1	A. intestinigallinarum	avian	54.48	1082
EHM060125	RS_GCF_000020225.1	A. muciniphila	mammal	58.47	1321
EHM060125	RS_GCF_023516715.1	A. massiliensis	mammal	58.10	1363
EHM060125	RS_GCF_026072915.1	A. biwaensis	mammal	58.29	1342
EHM060125	RS_GCF_001683795.1	A. glycaniphila	reptile	59.79	1285
EHM060125	GB_GCA_019115065.1	A. intestinavium	avian	54.79	1115
EHM060125	GB_GCA_019114365.1	A. intestinigallinarum	avian	54.72	1067
EHM060165	RS_GCF_000020225.1	A. muciniphila	mammal	58.42	1323
EHM060165	RS_GCF_023516715.1	A. massiliensis	mammal	57.91	1375
EHM060165	RS_GCF_026072915.1	A. biwaensis	mammal	58.28	1340
EHM060165	RS_GCF_001683795.1	A. glycaniphila	reptile	59.66	1293
EHM060165	GB_GCA_019115065.1	A. intestinavium	avian	54.60	1128
EHM060165	GB_GCA_019114365.1	A. intestinigallinarum	avian	54.68	1075
EHM062124	RS_GCF_000020225.1	A. muciniphila	mammal	58.58	1320
EHM062124	RS_GCF_023516715.1	A. massiliensis	mammal	58.17	1365
EHM062124	RS_GCF_026072915.1	A. biwaensis	mammal	58.50	1338
EHM062124	RS_GCF_001683795.1	A. glycaniphila	reptile	59.83	1291
EHM062124	GB_GCA_019115065.1	A. intestinavium	avian	54.82	1121
EHM062124	GB_GCA_019114365.1	A. intestinigallinarum	avian	54.68	1080
EHM062339	RS_GCF_000020225.1	A. muciniphila	mammal	58.42	1319
EHM062339	RS_GCF_023516715.1	A. massiliensis	mammal	58.02	1363
EHM062339	RS_GCF_026072915.1	A. biwaensis	mammal	58.22	1342
EHM062339	RS_GCF_001683795.1	A. glycaniphila	reptile	59.61	1291
EHM062339	GB_GCA_019115065.1	A. intestinavium	avian	54.63	1127
EHM062339	GB_GCA_019114365.1	A. intestinigallinarum	avian	54.54	1083
EHM062382	RS_GCF_000020225.1	A. muciniphila	mammal	77.47	1673
EHM062382	RS_GCF_023516715.1	A. massiliensis	mammal	77.21	1788
EHM062382	RS_GCF_026072915.1	A. biwaensis	mammal	78.17	1728
EHM062382	RS_GCF_001683795.1	A. glycaniphila	reptile	58.23	1429
EHM062382	GB_GCA_019115065.1	A. intestinavium	avian	54.08	1195
EHM062382	GB_GCA_019114365.1	A. intestinigallinarum	avian	54.19	1139
STP248.12601_R.bin.115	RS_GCF_000020225.1	A. muciniphila	mammal	58.62	1300
STP248.12601_R.bin.115	RS_GCF_023516715.1	A. massiliensis	mammal	58.09	1349
STP248.12601_R.bin.115	RS_GCF_026072915.1	A. biwaensis	mammal	58.46	1332
STP248.12601_R.bin.115	RS_GCF_001683795.1	A. glycaniphila	reptile	59.78	1283
STP248.12601_R.bin.115	GB_GCA_019115065.1	A. intestinavium	avian	54.60	1113
STP248.12601_R.bin.115	GB_GCA_019114365.1	A. intestinigallinarum	avian	54.70	1060
STP248.12601_R.bin.59	RS_GCF_000020225.1	A. muciniphila	mammal	61.84	1483
STP248.12601_R.bin.59	RS_GCF_023516715.1	A. massiliensis	mammal	61.50	1548
STP248.12601_R.bin.59	RS_GCF_026072915.1	A. biwaensis	mammal	61.69	1521
STP248.12601_R.bin.59	RS_GCF_001683795.1	A. glycaniphila	reptile	58.57	1402
STP248.12601_R.bin.59	GB_GCA_019115065.1	A. intestinavium	avian	53.89	1190
STP248.12601_R.bin.59	GB_GCA_019114365.1	A. intestinigallinarum	avian	54.02	1138
STP294.12602_R.bin.124	RS_GCF_000020225.1	A. muciniphila	mammal	61.35	1492
STP294.12602_R.bin.124	RS_GCF_023516715.1	A. massiliensis	mammal	61.42	1544
STP294.12602_R.bin.124	RS_GCF_026072915.1	A. biwaensis	mammal	61.34	1534
STP294.12602_R.bin.124	RS_GCF_001683795.1	A. glycaniphila	reptile	58.94	1383
STP294.12602_R.bin.124	GB_GCA_019115065.1	A. intestinavium	avian	54.15	1173
STP294.12602_R.bin.124	GB_GCA_019114365.1	A. intestinigallinarum	avian	53.88	1125
STP572.12604_R.bin.69	RS_GCF_000020225.1	A. muciniphila	mammal	62.05	1306
STP572.12604_R.bin.69	RS_GCF_023516715.1	A. massiliensis	mammal	61.41	1387
STP572.12604_R.bin.69	RS_GCF_026072915.1	A. biwaensis	mammal	61.98	1328
STP572.12604_R.bin.69	RS_GCF_001683795.1	A. glycaniphila	reptile	58.53	1229
STP572.12604_R.bin.69	GB_GCA_019115065.1	A. intestinavium	avian	54.18	1047
STP572.12604_R.bin.69	GB_GCA_019114365.1	A. intestinigallinarum	avian	54.06	1001
UHM1073.41096_R.bin.29	RS_GCF_000020225.1	A. muciniphila	mammal	61.25	1476
UHM1073.41096_R.bin.29	RS_GCF_023516715.1	A. massiliensis	mammal	60.94	1562
UHM1073.41096_R.bin.29	RS_GCF_026072915.1	A. biwaensis	mammal	61.28	1524
UHM1073.41096_R.bin.29	RS_GCF_001683795.1	A. glycaniphila	reptile	58.53	1383
UHM1073.41096_R.bin.29	GB_GCA_019115065.1	A. intestinavium	avian	54.07	1163
UHM1073.41096_R.bin.29	GB_GCA_019114365.1	A. intestinigallinarum	avian	53.87	1112
UHM1080.23066_R.bin.78	RS_GCF_000020225.1	A. muciniphila	mammal	58.81	1400
UHM1080.23066_R.bin.78	RS_GCF_023516715.1	A. massiliensis	mammal	58.80	1471
UHM1080.23066_R.bin.78	RS_GCF_026072915.1	A. biwaensis	mammal	59.03	1449
UHM1080.23066_R.bin.78	RS_GCF_001683795.1	A. glycaniphila	reptile	90.31	1951
UHM1080.23066_R.bin.78	GB_GCA_019115065.1	A. intestinavium	avian	58.19	1216
UHM1080.23066_R.bin.78	GB_GCA_019114365.1	A. intestinigallinarum	avian	58.27	1165
UHM1080.41097_R.bin.23	RS_GCF_000020225.1	A. muciniphila	mammal	61.21	1492
UHM1080.41097_R.bin.23	RS_GCF_023516715.1	A. massiliensis	mammal	61.39	1544
UHM1080.41097_R.bin.23	RS_GCF_026072915.1	A. biwaensis	mammal	61.41	1518
UHM1080.41097_R.bin.23	RS_GCF_001683795.1	A. glycaniphila	reptile	58.74	1384
UHM1080.41097_R.bin.23	GB_GCA_019115065.1	A. intestinavium	avian	54.07	1170
UHM1080.41097_R.bin.23	GB_GCA_019114365.1	A. intestinigallinarum	avian	53.78	1120
UHM1088.23067_R.bin.125	RS_GCF_000020225.1	A. muciniphila	mammal	61.30	1495
UHM1088.23067_R.bin.125	RS_GCF_023516715.1	A. massiliensis	mammal	61.24	1562
UHM1088.23067_R.bin.125	RS_GCF_026072915.1	A. biwaensis	mammal	61.48	1531
UHM1088.23067_R.bin.125	RS_GCF_001683795.1	A. glycaniphila	reptile	58.68	1389
UHM1088.23067_R.bin.125	GB_GCA_019115065.1	A. intestinavium	avian	54.10	1174
UHM1088.23067_R.bin.125	GB_GCA_019114365.1	A. intestinigallinarum	avian	53.93	1121
UHM1110.23068_R.bin.209	RS_GCF_000020225.1	A. muciniphila	mammal	61.64	1450
UHM1110.23068_R.bin.209	RS_GCF_023516715.1	A. massiliensis	mammal	61.16	1536
UHM1110.23068_R.bin.209	RS_GCF_026072915.1	A. biwaensis	mammal	61.55	1482
UHM1110.23068_R.bin.209	RS_GCF_001683795.1	A. glycaniphila	reptile	58.74	1363
UHM1110.23068_R.bin.209	GB_GCA_019115065.1	A. intestinavium	avian	53.81	1161
UHM1110.23068_R.bin.209	GB_GCA_019114365.1	A. intestinigallinarum	avian	53.73	1104
UHM1110.41099_R.bin.126	RS_GCF_000020225.1	A. muciniphila	mammal	61.53	1427
UHM1110.41099_R.bin.126	RS_GCF_023516715.1	A. massiliensis	mammal	61.07	1510
UHM1110.41099_R.bin.126	RS_GCF_026072915.1	A. biwaensis	mammal	61.42	1460
UHM1110.41099_R.bin.126	RS_GCF_001683795.1	A. glycaniphila	reptile	58.61	1341
UHM1110.41099_R.bin.126	GB_GCA_019115065.1	A. intestinavium	avian	53.58	1143
UHM1110.41099_R.bin.126	GB_GCA_019114365.1	A. intestinigallinarum	avian	53.50	1085
UHM1210.23070_R.bin.39	RS_GCF_000020225.1	A. muciniphila	mammal	61.87	1456
UHM1210.23070_R.bin.39	RS_GCF_023516715.1	A. massiliensis	mammal	61.15	1561
UHM1210.23070_R.bin.39	RS_GCF_026072915.1	A. biwaensis	mammal	61.56	1519
UHM1210.23070_R.bin.39	RS_GCF_001683795.1	A. glycaniphila	reptile	58.86	1406
UHM1210.23070_R.bin.39	GB_GCA_019115065.1	A. intestinavium	avian	54.08	1180
UHM1210.23070_R.bin.39	GB_GCA_019114365.1	A. intestinigallinarum	avian	53.89	1131
UHM1210.41100_R.bin.160	RS_GCF_000020225.1	A. muciniphila	mammal	61.63	1358
UHM1210.41100_R.bin.160	RS_GCF_023516715.1	A. massiliensis	mammal	61.11	1439
UHM1210.41100_R.bin.160	RS_GCF_026072915.1	A. biwaensis	mammal	61.61	1398
UHM1210.41100_R.bin.160	RS_GCF_001683795.1	A. glycaniphila	reptile	58.91	1293
UHM1210.41100_R.bin.160	GB_GCA_019115065.1	A. intestinavium	avian	54.19	1076
UHM1210.41100_R.bin.160	GB_GCA_019114365.1	A. intestinigallinarum	avian	53.88	1035
UHM1225.23071_R.bin.67	RS_GCF_000020225.1	A. muciniphila	mammal	61.87	1452
UHM1225.23071_R.bin.67	RS_GCF_023516715.1	A. massiliensis	mammal	61.83	1501
UHM1225.23071_R.bin.67	RS_GCF_026072915.1	A. biwaensis	mammal	61.84	1489
UHM1225.23071_R.bin.67	RS_GCF_001683795.1	A. glycaniphila	reptile	59.09	1363
UHM1225.23071_R.bin.67	GB_GCA_019115065.1	A. intestinavium	avian	54.42	1152
UHM1225.23071_R.bin.67	GB_GCA_019114365.1	A. intestinigallinarum	avian	54.19	1114
UHM1225.41101_R.bin.117	RS_GCF_000020225.1	A. muciniphila	mammal	61.82	1340
UHM1225.41101_R.bin.117	RS_GCF_023516715.1	A. massiliensis	mammal	61.73	1389
UHM1225.41101_R.bin.117	RS_GCF_026072915.1	A. biwaensis	mammal	61.92	1378
UHM1225.41101_R.bin.117	RS_GCF_001683795.1	A. glycaniphila	reptile	59.11	1264
UHM1225.41101_R.bin.117	GB_GCA_019115065.1	A. intestinavium	avian	54.35	1064
UHM1225.41101_R.bin.117	GB_GCA_019114365.1	A. intestinigallinarum	avian	54.11	1027
UHM1228.23072_R.bin.109	RS_GCF_000020225.1	A. muciniphila	mammal	61.24	1096
UHM1228.23072_R.bin.109	RS_GCF_023516715.1	A. massiliensis	mammal	61.44	1122
UHM1228.23072_R.bin.109	RS_GCF_026072915.1	A. biwaensis	mammal	61.52	1115
UHM1228.23072_R.bin.109	RS_GCF_001683795.1	A. glycaniphila	reptile	57.92	1023
UHM1228.23072_R.bin.109	GB_GCA_019115065.1	A. intestinavium	avian	53.36	871
UHM1228.23072_R.bin.109	GB_GCA_019114365.1	A. intestinigallinarum	avian	53.28	831
UHM1228.23072_R.bin.119	RS_GCF_000020225.1	A. muciniphila	mammal	61.93	1464
UHM1228.23072_R.bin.119	RS_GCF_023516715.1	A. massiliensis	mammal	61.70	1517
UHM1228.23072_R.bin.119	RS_GCF_026072915.1	A. biwaensis	mammal	61.79	1507
UHM1228.23072_R.bin.119	RS_GCF_001683795.1	A. glycaniphila	reptile	59.22	1386
UHM1228.23072_R.bin.119	GB_GCA_019115065.1	A. intestinavium	avian	54.36	1166
UHM1228.23072_R.bin.119	GB_GCA_019114365.1	A. intestinigallinarum	avian	54.14	1120
UHM1228.41102_R.bin.103	RS_GCF_000020225.1	A. muciniphila	mammal	61.68	1408
UHM1228.41102_R.bin.103	RS_GCF_023516715.1	A. massiliensis	mammal	61.51	1453
UHM1228.41102_R.bin.103	RS_GCF_026072915.1	A. biwaensis	mammal	61.56	1442
UHM1228.41102_R.bin.103	RS_GCF_001683795.1	A. glycaniphila	reptile	59.08	1320
UHM1228.41102_R.bin.103	GB_GCA_019115065.1	A. intestinavium	avian	53.93	1124
UHM1228.41102_R.bin.103	GB_GCA_019114365.1	A. intestinigallinarum	avian	53.80	1078
UHM1327.23073_R.bin.104	RS_GCF_000020225.1	A. muciniphila	mammal	61.66	1437
UHM1327.23073_R.bin.104	RS_GCF_023516715.1	A. massiliensis	mammal	61.97	1492
UHM1327.23073_R.bin.104	RS_GCF_026072915.1	A. biwaensis	mammal	61.93	1474
UHM1327.23073_R.bin.104	RS_GCF_001683795.1	A. glycaniphila	reptile	58.66	1342
UHM1327.23073_R.bin.104	GB_GCA_019115065.1	A. intestinavium	avian	54.11	1138
UHM1327.23073_R.bin.104	GB_GCA_019114365.1	A. intestinigallinarum	avian	54.29	1082
UHM1327.41103_R.bin.13	RS_GCF_000020225.1	A. muciniphila	mammal	61.28	1433
UHM1327.41103_R.bin.13	RS_GCF_023516715.1	A. massiliensis	mammal	61.38	1499
UHM1327.41103_R.bin.13	RS_GCF_026072915.1	A. biwaensis	mammal	61.66	1470
UHM1327.41103_R.bin.13	RS_GCF_001683795.1	A. glycaniphila	reptile	58.53	1349
UHM1327.41103_R.bin.13	GB_GCA_019115065.1	A. intestinavium	avian	53.64	1136
UHM1327.41103_R.bin.13	GB_GCA_019114365.1	A. intestinigallinarum	avian	53.70	1085
UHM245.23042_R.bin.54	RS_GCF_000020225.1	A. muciniphila	mammal	58.50	1429
UHM245.23042_R.bin.54	RS_GCF_023516715.1	A. massiliensis	mammal	58.25	1529
UHM245.23042_R.bin.54	RS_GCF_026072915.1	A. biwaensis	mammal	58.54	1481
UHM245.23042_R.bin.54	RS_GCF_001683795.1	A. glycaniphila	reptile	89.77	2062
UHM245.23042_R.bin.54	GB_GCA_019115065.1	A. intestinavium	avian	57.84	1253
UHM245.23042_R.bin.54	GB_GCA_019114365.1	A. intestinigallinarum	avian	58.05	1194
UHM298.41072_R.bin.118	RS_GCF_000020225.1	A. muciniphila	mammal	58.48	1078
UHM298.41072_R.bin.118	RS_GCF_023516715.1	A. massiliensis	mammal	57.97	1124
UHM298.41072_R.bin.118	RS_GCF_026072915.1	A. biwaensis	mammal	58.29	1107
UHM298.41072_R.bin.118	RS_GCF_001683795.1	A. glycaniphila	reptile	59.48	1056
UHM298.41072_R.bin.118	GB_GCA_019115065.1	A. intestinavium	avian	54.28	939
UHM298.41072_R.bin.118	GB_GCA_019114365.1	A. intestinigallinarum	avian	54.01	900
UHM467.41073_R.bin.119	RS_GCF_000020225.1	A. muciniphila	mammal	58.62	1004
UHM467.41073_R.bin.119	RS_GCF_023516715.1	A. massiliensis	mammal	58.36	1041
UHM467.41073_R.bin.119	RS_GCF_026072915.1	A. biwaensis	mammal	58.66	1019
UHM467.41073_R.bin.119	RS_GCF_001683795.1	A. glycaniphila	reptile	59.71	983
UHM467.41073_R.bin.119	GB_GCA_019115065.1	A. intestinavium	avian	54.48	864
UHM467.41073_R.bin.119	GB_GCA_019114365.1	A. intestinigallinarum	avian	54.47	824
UHM467.41073_R.bin.88	RS_GCF_000020225.1	A. muciniphila	mammal	61.80	1405
UHM467.41073_R.bin.88	RS_GCF_023516715.1	A. massiliensis	mammal	61.75	1466
UHM467.41073_R.bin.88	RS_GCF_026072915.1	A. biwaensis	mammal	61.93	1430
UHM467.41073_R.bin.88	RS_GCF_001683795.1	A. glycaniphila	reptile	59.28	1318
UHM467.41073_R.bin.88	GB_GCA_019115065.1	A. intestinavium	avian	54.38	1103
UHM467.41073_R.bin.88	GB_GCA_019114365.1	A. intestinigallinarum	avian	54.22	1072
UHM967.23060_R.bin.96	RS_GCF_000020225.1	A. muciniphila	mammal	60.60	1329
UHM967.23060_R.bin.96	RS_GCF_023516715.1	A. massiliensis	mammal	60.64	1379
UHM967.23060_R.bin.96	RS_GCF_026072915.1	A. biwaensis	mammal	60.94	1346
UHM967.23060_R.bin.96	RS_GCF_001683795.1	A. glycaniphila	reptile	58.29	1224
UHM967.23060_R.bin.96	GB_GCA_019115065.1	A. intestinavium	avian	53.76	1032
UHM967.23060_R.bin.96	GB_GCA_019114365.1	A. intestinigallinarum	avian	53.55	986
UHM969.23061_R.bin.162	RS_GCF_000020225.1	A. muciniphila	mammal	57.67	1376
UHM969.23061_R.bin.162	RS_GCF_023516715.1	A. massiliensis	mammal	57.06	1438
UHM969.23061_R.bin.162	RS_GCF_026072915.1	A. biwaensis	mammal	57.72	1400
UHM969.23061_R.bin.162	RS_GCF_001683795.1	A. glycaniphila	reptile	55.37	1297
UHM969.23061_R.bin.162	GB_GCA_019115065.1	A. intestinavium	avian	52.76	1125
UHM969.23061_R.bin.162	GB_GCA_019114365.1	A. intestinigallinarum	avian	52.63	1083
UHM969.23061_R.bin.5	RS_GCF_000020225.1	A. muciniphila	mammal	58.75	1386
UHM969.23061_R.bin.5	RS_GCF_023516715.1	A. massiliensis	mammal	58.64	1466
UHM969.23061_R.bin.5	RS_GCF_026072915.1	A. biwaensis	mammal	58.80	1438
UHM969.23061_R.bin.5	RS_GCF_001683795.1	A. glycaniphila	reptile	89.93	1953
UHM969.23061_R.bin.5	GB_GCA_019115065.1	A. intestinavium	avian	58.05	1230
UHM969.23061_R.bin.5	GB_GCA_019114365.1	A. intestinigallinarum	avian	58.28	1177
UHM973.23044_R.bin.60	RS_GCF_000020225.1	A. muciniphila	mammal	58.72	1304
UHM973.23044_R.bin.60	RS_GCF_023516715.1	A. massiliensis	mammal	58.23	1358
UHM973.23044_R.bin.60	RS_GCF_026072915.1	A. biwaensis	mammal	58.46	1345
UHM973.23044_R.bin.60	RS_GCF_001683795.1	A. glycaniphila	reptile	59.75	1294
UHM973.23044_R.bin.60	GB_GCA_019115065.1	A. intestinavium	avian	54.57	1124
UHM973.23044_R.bin.60	GB_GCA_019114365.1	A. intestinigallinarum	avian	54.64	1073
UHM975.23062_R.bin.26	RS_GCF_000020225.1	A. muciniphila	mammal	61.61	1430
UHM975.23062_R.bin.26	RS_GCF_023516715.1	A. massiliensis	mammal	61.57	1485
UHM975.23062_R.bin.26	RS_GCF_026072915.1	A. biwaensis	mammal	61.79	1455
UHM975.23062_R.bin.26	RS_GCF_001683795.1	A. glycaniphila	reptile	59.11	1327
UHM975.23062_R.bin.26	GB_GCA_019115065.1	A. intestinavium	avian	54.59	1105
UHM975.23062_R.bin.26	GB_GCA_019114365.1	A. intestinigallinarum	avian	54.30	1066
UHM979.23045_R.bin.184	RS_GCF_000020225.1	A. muciniphila	mammal	61.27	1490
UHM979.23045_R.bin.184	RS_GCF_023516715.1	A. massiliensis	mammal	61.52	1552
UHM979.23045_R.bin.184	RS_GCF_026072915.1	A. biwaensis	mammal	61.96	1520
UHM979.23045_R.bin.184	RS_GCF_001683795.1	A. glycaniphila	reptile	58.60	1386
UHM979.23045_R.bin.184	GB_GCA_019115065.1	A. intestinavium	avian	54.30	1156
UHM979.23045_R.bin.184	GB_GCA_019114365.1	A. intestinigallinarum	avian	54.09	1112
UHM979.41089_R.bin.124	RS_GCF_000020225.1	A. muciniphila	mammal	61.23	1481
UHM979.41089_R.bin.124	RS_GCF_023516715.1	A. massiliensis	mammal	61.27	1534
UHM979.41089_R.bin.124	RS_GCF_026072915.1	A. biwaensis	mammal	61.59	1499
UHM979.41089_R.bin.124	RS_GCF_001683795.1	A. glycaniphila	reptile	58.63	1376
UHM979.41089_R.bin.124	GB_GCA_019115065.1	A. intestinavium	avian	54.35	1146
UHM979.41089_R.bin.124	GB_GCA_019114365.1	A. intestinigallinarum	avian	54.09	1104
UHM989.23064_R.bin.153	RS_GCF_000020225.1	A. muciniphila	mammal	57.60	1365
UHM989.23064_R.bin.153	RS_GCF_023516715.1	A. massiliensis	mammal	57.23	1411
UHM989.23064_R.bin.153	RS_GCF_026072915.1	A. biwaensis	mammal	57.59	1399
UHM989.23064_R.bin.153	RS_GCF_001683795.1	A. glycaniphila	reptile	55.13	1299
UHM989.23064_R.bin.153	GB_GCA_019115065.1	A. intestinavium	avian	52.67	1120
UHM989.23064_R.bin.153	GB_GCA_019114365.1	A. intestinigallinarum	avian	52.55	1076
UHM989.41093_R.bin.92	RS_GCF_000020225.1	A. muciniphila	mammal	57.59	1337
UHM989.41093_R.bin.92	RS_GCF_023516715.1	A. massiliensis	mammal	57.28	1378
UHM989.41093_R.bin.92	RS_GCF_026072915.1	A. biwaensis	mammal	57.64	1366
UHM989.41093_R.bin.92	RS_GCF_001683795.1	A. glycaniphila	reptile	55.17	1265
UHM989.41093_R.bin.92	GB_GCA_019115065.1	A. intestinavium	avian	52.69	1099
UHM989.41093_R.bin.92	GB_GCA_019114365.1	A. intestinigallinarum	avian	52.54	1053
UHM993.23065_R.bin.161	RS_GCF_000020225.1	A. muciniphila	mammal	61.26	1498
UHM993.23065_R.bin.161	RS_GCF_023516715.1	A. massiliensis	mammal	61.18	1564
UHM993.23065_R.bin.161	RS_GCF_026072915.1	A. biwaensis	mammal	61.40	1524
UHM993.23065_R.bin.161	RS_GCF_001683795.1	A. glycaniphila	reptile	58.69	1388
UHM993.23065_R.bin.161	GB_GCA_019115065.1	A. intestinavium	avian	53.98	1175
UHM993.23065_R.bin.161	GB_GCA_019114365.1	A. intestinigallinarum	avian	53.94	1117
UHM993.41094_R.bin.52	RS_GCF_000020225.1	A. muciniphila	mammal	61.17	1442
UHM993.41094_R.bin.52	RS_GCF_023516715.1	A. massiliensis	mammal	61.25	1494
UHM993.41094_R.bin.52	RS_GCF_026072915.1	A. biwaensis	mammal	61.19	1471
UHM993.41094_R.bin.52	RS_GCF_001683795.1	A. glycaniphila	reptile	58.76	1332
UHM993.41094_R.bin.52	GB_GCA_019115065.1	A. intestinavium	avian	53.91	1134
UHM993.41094_R.bin.52	GB_GCA_019114365.1	A. intestinigallinarum	avian	53.77	1083
