GH20_control	RS_GCF_040616545.1|NZ_CP156688.1	62.760	529	0.0	722
GH20_control	RS_GCF_040616545.1|NZ_CP156688.1	34.244	549	2.02e-84	290
GH20_control	RS_GCF_040616545.1|NZ_CP156688.1	32.332	566	1.78e-80	278
GH20_control	RS_GCF_040616545.1|NZ_CP156688.1	29.204	565	9.25e-63	226
GH20_control	RS_GCF_040616545.1|NZ_CP156688.1	32.957	443	8.80e-55	203
GH20_control	RS_GCF_040616545.1|NZ_CP156688.1	26.061	495	3.46e-52	195
GH20_control	RS_GCF_040616545.1|NZ_CP156688.1	26.778	478	1.52e-49	187
GH20_control	RS_GCF_040616545.1|NZ_CP156688.1	26.483	472	8.91e-42	164
GH20_control	RS_GCF_040616545.1|NZ_CP156688.1	29.552	335	4.16e-28	123
GH20_control	RS_GCF_040616545.1|NZ_CP156688.1	31.298	262	1.24e-26	118
GH20_control	RS_GCF_040616545.1|NZ_CP156688.1	24.945	453	5.21e-17	88.6
GH20_control	RS_GCF_000020225.1|NC_010655.1	62.088	546	0.0	722
GH20_control	RS_GCF_000020225.1|NC_010655.1	51.648	546	4.87e-179	563
GH20_control	RS_GCF_000020225.1|NC_010655.1	33.333	546	6.48e-84	288
GH20_control	RS_GCF_000020225.1|NC_010655.1	32.308	455	5.45e-55	203
GH20_control	RS_GCF_000020225.1|NC_010655.1	26.957	460	1.18e-52	197
GH20_control	RS_GCF_000020225.1|NC_010655.1	26.797	459	1.03e-49	188
GH20_control	RS_GCF_000020225.1|NC_010655.1	26.477	491	5.16e-42	165
GH20_control	RS_GCF_000020225.1|NC_010655.1	31.679	262	2.85e-28	123
GH20_control	RS_GCF_000020225.1|NC_010655.1	28.614	332	1.08e-27	122
GH20_control	RS_GCF_000020225.1|NC_010655.1	26.685	356	2.31e-27	120
GH20_control	RS_GCF_000020225.1|NC_010655.1	21.854	453	1.25e-11	71.2
GH20_control	GB_GCA_905200945.1|CAJKMG010000002.1	61.142	543	0.0	717
GH20_control	RS_GCF_036417355.1|NZ_CP143889.1	62.825	538	0.0	715
GH20_control	RS_GCF_036417355.1|NZ_CP143889.1	51.730	549	0.0	583
GH20_control	RS_GCF_036417355.1|NZ_CP143889.1	37.759	482	2.72e-86	295
GH20_control	RS_GCF_036417355.1|NZ_CP143889.1	33.638	547	8.90e-80	276
GH20_control	RS_GCF_036417355.1|NZ_CP143889.1	32.468	462	5.38e-67	239
GH20_control	RS_GCF_036417355.1|NZ_CP143889.1	29.078	564	8.63e-57	209
GH20_control	RS_GCF_036417355.1|NZ_CP143889.1	28.540	452	1.34e-52	196
GH20_control	RS_GCF_036417355.1|NZ_CP143889.1	25.714	490	1.67e-51	193
GH20_control	RS_GCF_036417355.1|NZ_CP143889.1	24.949	493	5.50e-40	159
GH20_control	RS_GCF_036417355.1|NZ_CP143889.1	25.144	521	6.83e-32	134
GH20_control	RS_GCF_036417355.1|NZ_CP143889.1	30.267	337	2.91e-30	129
GH20_control	RS_GCF_036417355.1|NZ_CP143889.1	32.824	262	4.51e-28	123
GH20_control	RS_GCF_036417355.1|NZ_CP143889.1	22.917	384	8.85e-13	74.7
GH20_control	GB_GCA_947624785.1|CANQLV010000009.1	61.326	543	0.0	712
GH20_control	RS_GCF_002884975.1|NZ_PJKB01000001.1	61.754	536	0.0	709
GH20_control	RS_GCF_002884975.1|NZ_PJKB01000001.1	31.944	432	4.69e-55	204
GH20_control	RS_GCF_002884975.1|NZ_PJKB01000001.1	28.657	335	1.38e-27	121
GH20_control	RS_GCF_002884975.1|NZ_PJKB01000001.1	31.298	262	3.34e-26	117
GH20_control	RS_GCF_002884975.1|NZ_PJKB01000001.1	26.012	346	1.47e-17	90.1
GH20_control	EHM035336|EHA02357_bin.3^_101	58.779	524	0.0	664
GH20_control	EHM034661|EHA02355_bin.12^_57	58.779	524	0.0	664
GH20_control	EHM034581|EHA02328_bin.11^_83	58.779	524	0.0	664
GH20_control	EHM058880|EHA04256_bin.2^_38	59.542	524	0.0	664
GH20_control	EHM058880|EHA04256_bin.2^_38	32.000	450	9.06e-56	206
GH20_control	EHM058433|EHA04262_bin.1^_141	59.160	524	0.0	663
GH20_control	EHM059270|EHA04258_bin.7^_9	59.160	524	0.0	663
GH20_control	EHM058731|EHA04264_bin.4^_36	59.160	524	0.0	663
GH20_control	EHM034886|EHA02326_bin.15^_28	59.351	524	0.0	662
GH20_control	EHM059645|EHA04398_bin.34^_51	59.351	524	0.0	660
GH20_control	EHM059156|EHA04275_bin.14^_32	58.779	524	0.0	658
GH20_control	EHM062382|EHA04410_bin.57^_9	59.160	524	0.0	658
GH20_control	EHM059873|EHA04409_bin.14^_15	59.160	524	0.0	658
GH20_control	EHM059778|EHA04396_bin.14^_24	59.160	524	0.0	658
GH20_control	EHM059655|EHA04404_bin.10^_8	59.160	524	0.0	658
GH20_control	EHM058986|EHA04257_bin.26^_39	59.160	524	0.0	658
GH20_control	EHM047851|EHA03354_bin.16^_79	59.160	524	0.0	658
GH20_control	EHM035309|EHA02336_bin.3^_55	59.160	524	0.0	658
GH20_control	EHM035138|EHA02348_bin.11^_7	59.160	524	0.0	658
GH20_control	EHM034790|EHA02333_bin.19^_5	59.160	524	0.0	658
GH20_control	EHM059424|EHA04301_bin.21^_33	59.160	524	0.0	657
GH20_control	EHM058620|EHA04270_bin.2^_80	58.588	524	0.0	656
GH20_control	EHM034857|EHA02329_bin.13^_18	58.588	524	0.0	656
GH20_control	EHM058666|EHA04288_bin.17^_338	64.218	422	0.0	594
GH20_control	GB_GCA_947624785.1|CANQLV010000002.1	52.564	546	0.0	590
GH20_control	GB_GCA_947624785.1|CANQLV010000002.1	28.107	338	2.56e-31	132
GH20_control	UHM969.23061_R.bin.5|k141_253263	53.532	538	0.0	584
GH20_control	UHM969.23061_R.bin.5|k141_253263	30.453	243	4.25e-23	107
GH20_control	GB_GCA_905200945.1|CAJKMG010000001.1	52.844	545	0.0	582
GH20_control	UHM1080.23066_R.bin.78|k141_202902	53.160	538	0.0	581
GH20_control	UHM245.23042_R.bin.54|k141_179859	53.160	538	0.0	580
GH20_control	UHM245.23042_R.bin.54|k141_179859	25.219	456	7.16e-30	128
GH20_control	UHM245.23042_R.bin.54|k141_179859	30.864	243	1.17e-23	109
GH20_control	UHM1110.41099_R.bin.126|k141_88894	52.182	550	0.0	579
GH20_control	UHM1110.23068_R.bin.209|k141_175722	52.182	550	0.0	579
GH20_control	EHM047773|EHA03362_bin.15^_25	52.974	538	0.0	578
GH20_control	EHM047773|EHA03362_bin.15^_25	25.219	456	6.54e-30	128
GH20_control	EHM047773|EHA03362_bin.15^_25	30.453	243	4.31e-23	107
GH20_control	RS_GCF_001683795.1|NZ_LIGX01000017.1	52.514	537	0.0	575
GH20_control	RS_GCF_001683795.1|NZ_LIGX01000017.1	31.276	243	2.76e-25	114
GH20_control	GB_GCA_036644695.1|JAVXPO010000001.1	51.493	536	0.0	571
GH20_control	UHM245.23042_R.bin.54|k141_314225	49.562	571	0.0	568
GH20_control	UHM245.23042_R.bin.54|k141_314225	49.826	576	1.44e-171	541
GH20_control	UHM245.23042_R.bin.54|k141_314225	28.160	451	1.09e-48	185
GH20_control	EHM047773|EHA03362_bin.15^_8	49.296	568	0.0	568
GH20_control	EHM047773|EHA03362_bin.15^_8	50.000	576	1.26e-171	541
GH20_control	EHM047773|EHA03362_bin.15^_8	27.938	451	1.50e-48	184
GH20_control	EHM034775|EHA02325_bin.5^_236	60.494	405	2.40e-180	524
GH20_control	RS_GCF_001683795.1|NZ_LIGX01000019.1	49.912	569	8.19e-180	565
GH20_control	RS_GCF_001683795.1|NZ_LIGX01000019.1	50.269	557	2.96e-172	543
GH20_control	UHM969.23061_R.bin.5|k141_386160	49.037	571	3.09e-179	563
GH20_control	UHM969.23061_R.bin.5|k141_386160	49.306	576	1.13e-170	538
GH20_control	UHM1080.23066_R.bin.78|k141_373705	50.547	548	5.08e-179	563
GH20_control	UHM1080.23066_R.bin.78|k141_373705	49.306	576	9.82e-171	539
GH20_control	RS_GCF_030848305.1|NZ_CP114598.1	52.015	546	5.91e-177	556
GH20_control	RS_GCF_030848305.1|NZ_CP114598.1	33.150	546	1.85e-83	287
GH20_control	RS_GCF_030848305.1|NZ_CP114598.1	29.295	553	1.65e-55	205
GH20_control	RS_GCF_030848305.1|NZ_CP114598.1	27.312	465	3.29e-53	198
GH20_control	RS_GCF_030848305.1|NZ_CP114598.1	27.111	450	4.79e-49	186
GH20_control	RS_GCF_030848305.1|NZ_CP114598.1	25.866	491	8.59e-41	161
GH20_control	RS_GCF_030848305.1|NZ_CP114598.1	28.487	337	9.25e-28	122
GH20_control	RS_GCF_030848305.1|NZ_CP114598.1	30.627	271	9.67e-28	122
GH20_control	RS_GCF_030848305.1|NZ_CP114598.1	23.410	346	5.67e-12	72.4
GH20_control	RS_GCF_030848305.1|NZ_CP114598.1	30.769	78	2.64e-04	47.4
GH20_control	EHM034590|EHA02328_bin.2^_272	46.169	522	2.58e-160	476
GH20_control	RS_GCF_001683795.1|NZ_LIGX01000020.1	48.066	543	2.03e-156	498
GH20_control	UHM969.23061_R.bin.5|k141_418287	48.066	543	3.00e-156	497
GH20_control	UHM969.23061_R.bin.5|k141_418287	29.892	465	1.48e-47	181
GH20_control	UHM969.23061_R.bin.5|k141_418287	26.108	406	9.61e-25	112
GH20_control	UHM245.23042_R.bin.54|k141_237968	48.066	543	3.01e-156	497
GH20_control	UHM245.23042_R.bin.54|k141_237968	30.648	571	3.60e-66	236
GH20_control	UHM245.23042_R.bin.54|k141_237968	27.663	582	3.55e-49	186
GH20_control	UHM245.23042_R.bin.54|k141_237968	26.108	406	9.82e-25	112
GH20_control	EHM047773|EHA03362_bin.15^_11	48.066	543	3.57e-156	497
GH20_control	EHM047773|EHA03362_bin.15^_11	27.663	582	1.03e-48	185
GH20_control	EHM047773|EHA03362_bin.15^_11	26.108	406	2.85e-24	111
GH20_control	GB_GCA_947039485.1|CAMQZC010000026.1	46.154	546	3.12e-154	491
GH20_control	UHM1080.23066_R.bin.78|k141_449569	47.698	543	3.49e-154	491
GH20_control	EHM058418|EHA04286_bin.27^_79	45.788	546	8.29e-152	484
GH20_control	EHM059209|EHA04271_bin.1^_46	45.788	546	8.92e-152	484
GH20_control	EHM034862|EHA02329_bin.18^_89	45.788	546	8.94e-152	484
GH20_control	EHM058679|EHA04264_bin.1^_47	45.788	546	8.95e-152	484
GH20_control	EHM035226|EHA02339_bin.9^_36	45.788	546	8.98e-152	484
GH20_control	EHM034884|EHA02326_bin.13^_120	46.415	530	9.53e-152	484
GH20_control	UHM973.23044_R.bin.60|k141_23827	46.768	526	2.06e-151	483
GH20_control	STP248.12601_R.bin.115|k141_348214	46.768	526	2.10e-151	483
GH20_control	EHM059126|EHA04296_bin.33^_329	45.421	546	5.84e-151	481
GH20_control	EHM034914|EHA02363_bin.15^_88	45.421	546	7.59e-151	481
GH20_control	EHM059595|EHA04267_bin.30^_63	45.421	546	7.65e-151	481
GH20_control	EHM058868|EHA04256_bin.10^_69	45.421	546	7.86e-151	481
GH20_control	EHM035162|EHA02340_bin.13^_35	45.421	546	7.96e-151	481
GH20_control	EHM034803|EHA02333_bin.5^_15	45.421	546	7.96e-151	481
GH20_control	EHM035359|EHA02327_bin.13^_96	45.421	546	1.44e-150	481
GH20_control	EHM059442|EHA04301_bin.9^_56	45.421	546	1.64e-150	481
GH20_control	EHM034545|EHA02335_bin.1^_93	45.238	546	3.01e-150	479
GH20_control	EHM035248|EHA02342_bin.4^_63	45.238	546	3.11e-150	479
GH20_control	EHM034529|EHA02330_bin.15^_117	45.238	546	3.26e-150	479
GH20_control	EHM059788|EHA04396_bin.19^_115	45.055	546	1.47e-148	475
GH20_control	EHM062124|EHA04394_bin.12^_0	45.055	546	1.48e-148	475
GH20_control	EHM059835|EHA04401_bin.7^_15	45.055	546	1.57e-148	475
GH20_control	EHM060125|EHA04395_bin.17^_31	45.055	546	1.58e-148	475
GH20_control	EHM047973|EHA03361_bin.6^_7	45.055	546	1.58e-148	475
GH20_control	EHM047993|EHA03357_bin.24^_99	45.055	546	1.59e-148	475
GH20_control	EHM060165|EHA04403_bin.22^_74	45.055	546	1.59e-148	475
GH20_control	EHM060097|EHA04399_bin.22^_12	45.055	546	1.59e-148	475
GH20_control	EHM062339|EHA04410_bin.18^_9	45.055	546	1.59e-148	475
GH20_control	EHM059934|EHA04407_bin.4^_66	45.055	546	1.59e-148	475
GH20_control	EHM059896|EHA04409_bin.35^_59	45.055	546	1.59e-148	475
GH20_control	EHM047854|EHA03354_bin.19^_88	45.055	546	1.59e-148	475
GH20_control	EHM059995|EHA04400_bin.9^_46	45.055	546	2.75e-148	474
GH20_control	UHM298.41072_R.bin.118|k141_58153	45.507	523	4.94e-144	462
GH20_control	UHM989.41093_R.bin.92|k141_589154	44.203	552	1.90e-141	454
GH20_control	UHM989.23064_R.bin.153|k141_589724	44.203	552	1.91e-141	454
GH20_control	UHM969.23061_R.bin.162|k141_111636	44.203	552	2.03e-141	454
GH20_control	EHM047874|EHA03359_bin.11^_44	49.020	408	3.91e-127	413
GH20_control	RS_GCF_029854705.2|NZ_CP139035.1	35.231	562	2.86e-88	301
GH20_control	RS_GCF_029854705.2|NZ_CP139035.1	34.409	465	6.24e-75	262
GH20_control	RS_GCF_029854705.2|NZ_CP139035.1	31.808	459	2.33e-59	216
GH20_control	RS_GCF_029854705.2|NZ_CP139035.1	28.947	494	9.19e-58	212
GH20_control	RS_GCF_029854705.2|NZ_CP139035.1	27.216	485	1.06e-51	194
GH20_control	RS_GCF_029854705.2|NZ_CP139035.1	27.549	461	1.89e-43	169
GH20_control	RS_GCF_029854705.2|NZ_CP139035.1	29.912	341	1.60e-32	136
GH20_control	RS_GCF_029854705.2|NZ_CP139035.1	28.529	340	1.01e-26	119
GH20_control	RS_GCF_029854705.2|NZ_CP139035.1	28.112	249	5.98e-24	110
GH20_control	RS_GCF_029854705.2|NZ_CP139035.1	24.374	439	2.24e-20	99.0
GH20_control	RS_GCF_029854705.2|NZ_CP139035.1	24.901	253	7.20e-13	75.1
GH20_control	STP248.12601_R.bin.59|k141_792704	37.397	484	2.88e-87	298
GH20_control	STP248.12601_R.bin.59|k141_792704	23.370	552	2.99e-18	92.4
GH20_control	UHM467.41073_R.bin.119|k141_637064	34.750	541	4.95e-85	282
GH20_control	GB_GCA_947624785.1|CANQLV010000004.1	34.846	551	1.66e-84	290
GH20_control	EHM034884|EHA02326_bin.13^_251	38.085	470	1.70e-84	290
GH20_control	EHM035248|EHA02342_bin.4^_53	37.872	470	1.91e-84	288
GH20_control	GB_GCA_947624785.1|CANQLV010000007.1	32.628	567	2.28e-84	290
GH20_control	EHM034722|EHA02359_bin.21^_336	38.085	470	2.69e-84	289
GH20_control	UHM1327.41103_R.bin.13|k141_334104	36.140	487	2.85e-84	289
GH20_control	EHM058868|EHA04256_bin.10^_58	38.085	470	3.05e-84	289
GH20_control	EHM035162|EHA02340_bin.13^_10	38.085	470	3.21e-84	289
GH20_control	EHM034803|EHA02333_bin.5^_45	38.085	470	3.21e-84	289
GH20_control	UHM1327.23073_R.bin.104|k141_1000159	36.140	487	4.24e-84	288
GH20_control	EHM034529|EHA02330_bin.15^_68	37.872	470	4.59e-84	288
GH20_control	EHM058418|EHA04286_bin.27^_17	37.872	470	4.60e-84	288
GH20_control	EHM034545|EHA02335_bin.1^_130	37.872	470	4.86e-84	288
GH20_control	RS_GCF_002884975.1|NZ_PJKB01000003.1	36.534	479	4.90e-84	288
GH20_control	RS_GCF_002884975.1|NZ_PJKB01000003.1	31.385	462	1.25e-62	226
GH20_control	RS_GCF_002884975.1|NZ_PJKB01000003.1	26.623	462	2.49e-50	190
GH20_control	RS_GCF_002884975.1|NZ_PJKB01000003.1	27.473	455	1.37e-49	187
GH20_control	EHM035226|EHA02339_bin.9^_3	37.872	470	4.94e-84	288
GH20_control	EHM034862|EHA02329_bin.18^_44	37.872	470	4.94e-84	288
GH20_control	EHM058679|EHA04264_bin.1^_26	37.872	470	4.94e-84	288
GH20_control	EHM059209|EHA04271_bin.1^_7	37.872	470	4.94e-84	288
GH20_control	EHM059643|EHA04398_bin.32^_86	36.268	477	1.15e-83	285
GH20_control	EHM059126|EHA04296_bin.33^_130	36.268	477	1.45e-83	287
GH20_control	EHM035359|EHA02327_bin.13^_36	36.268	477	1.84e-83	287
GH20_control	EHM059442|EHA04301_bin.9^_36	36.268	477	1.84e-83	287
GH20_control	EHM059595|EHA04267_bin.30^_0	36.268	477	1.85e-83	287
GH20_control	EHM034590|EHA02328_bin.2^_374	37.021	470	2.01e-83	286
GH20_control	EHM059995|EHA04400_bin.9^_30	35.642	491	2.05e-83	286
GH20_control	GB_GCA_036644695.1|JAVXPO010000018.1	35.065	539	3.11e-83	286
GH20_control	GB_GCA_036644695.1|JAVXPO010000018.1	24.409	508	2.60e-26	117
GH20_control	EHM062124|EHA04394_bin.12^_108	35.642	491	3.25e-83	286
GH20_control	EHM047874|EHA03359_bin.11^_97	35.642	491	3.39e-83	286
GH20_control	EHM047973|EHA03361_bin.6^_52	35.642	491	3.39e-83	286
GH20_control	EHM060125|EHA04395_bin.17^_59	35.642	491	3.39e-83	286
GH20_control	RS_GCF_002884975.1|NZ_PJKB01000002.1	32.981	567	6.25e-83	285
GH20_control	RS_GCF_002884975.1|NZ_PJKB01000002.1	26.059	472	1.15e-39	158
GH20_control	RS_GCF_002884975.1|NZ_PJKB01000002.1	25.714	525	6.70e-34	140
GH20_control	EHM059835|EHA04401_bin.7^_1	36.268	477	6.30e-83	285
GH20_control	EHM062339|EHA04410_bin.18^_30	35.438	491	1.69e-82	284
GH20_control	EHM059896|EHA04409_bin.35^_6	35.438	491	1.69e-82	284
GH20_control	EHM047854|EHA03354_bin.19^_47	35.438	491	1.69e-82	284
GH20_control	EHM059934|EHA04407_bin.4^_96	35.438	491	1.73e-82	284
GH20_control	EHM060097|EHA04399_bin.22^_51	35.438	491	1.77e-82	284
GH20_control	EHM060165|EHA04403_bin.22^_47	35.438	491	1.77e-82	284
GH20_control	EHM047993|EHA03357_bin.24^_35	35.438	491	1.78e-82	284
GH20_control	STP248.12601_R.bin.115|k141_135639	37.580	471	1.92e-82	284
GH20_control	UHM973.23044_R.bin.60|k141_226513	37.580	471	1.93e-82	284
GH20_control	UHM969.23061_R.bin.5|k141_480846	35.018	554	3.03e-82	283
GH20_control	UHM969.23061_R.bin.5|k141_480846	37.199	457	1.71e-79	275
GH20_control	GB_GCA_905200945.1|CAJKMG010000013.1	32.784	546	3.62e-82	283
GH20_control	UHM245.23042_R.bin.54|k141_263826	35.018	554	4.23e-82	283
GH20_control	UHM245.23042_R.bin.54|k141_263826	37.637	457	2.30e-79	275
GH20_control	EHM047773|EHA03362_bin.15^_7	35.091	550	5.91e-82	282
GH20_control	EHM047773|EHA03362_bin.15^_7	37.199	457	1.34e-78	273
GH20_control	EHM034661|EHA02355_bin.12^_9	33.394	548	1.23e-81	281
GH20_control	EHM034581|EHA02328_bin.11^_77	33.394	548	1.23e-81	281
GH20_control	EHM035336|EHA02357_bin.3^_37	33.394	548	1.25e-81	281
GH20_control	EHM035309|EHA02336_bin.3^_6	33.394	548	1.56e-81	281
GH20_control	EHM035138|EHA02348_bin.11^_18	33.394	548	1.60e-81	281
GH20_control	EHM058986|EHA04257_bin.26^_24	33.394	548	1.60e-81	281
GH20_control	RS_GCF_001683795.1|NZ_LIGX01000028.1	35.420	559	1.77e-81	281
GH20_control	EHM059270|EHA04258_bin.7^_51	33.394	548	2.26e-81	280
GH20_control	EHM058731|EHA04264_bin.4^_56	33.394	548	2.28e-81	280
GH20_control	EHM058666|EHA04288_bin.17^_218	33.212	548	2.64e-81	278
GH20_control	EHM034790|EHA02333_bin.19^_2	33.272	544	3.41e-81	280
GH20_control	EHM034886|EHA02326_bin.15^_50	33.212	548	3.95e-81	280
GH20_control	GB_GCA_021200315.1|JAJQGU010000008.1	33.099	568	5.90e-81	280
GH20_control	GB_GCA_017415555.1|JAFQGF010000043.1	33.581	539	6.11e-81	280
GH20_control	EHM047851|EHA03354_bin.16^_14	33.394	548	1.44e-80	278
GH20_control	EHM034775|EHA02325_bin.5^_206	33.212	548	2.06e-80	278
GH20_control	EHM059424|EHA04301_bin.21^_71	33.212	548	2.06e-80	278
GH20_control	EHM058880|EHA04256_bin.2^_22	33.212	548	2.37e-80	278
GH20_control	EHM058620|EHA04270_bin.2^_26	33.029	548	3.34e-80	277
GH20_control	EHM034857|EHA02329_bin.13^_31	33.029	548	3.34e-80	277
GH20_control	EHM059873|EHA04409_bin.14^_0	33.212	548	3.89e-80	277
GH20_control	EHM062382|EHA04410_bin.57^_12	33.212	548	3.89e-80	277
GH20_control	EHM059655|EHA04404_bin.10^_28	33.212	548	4.35e-80	277
GH20_control	EHM059778|EHA04396_bin.14^_20	33.212	548	4.47e-80	277
GH20_control	EHM059156|EHA04275_bin.14^_38	33.029	548	5.03e-80	276
GH20_control	UHM1080.23066_R.bin.78|k141_335135	37.637	457	6.24e-80	276
GH20_control	UHM1080.23066_R.bin.78|k141_335135	35.314	303	4.19e-39	156
GH20_control	UHM467.41073_R.bin.119|k141_1085936	35.200	500	2.20e-79	273
GH20_control	GB_GCA_937885815.1|CALABM010000009.1	33.024	539	4.74e-79	274
GH20_control	UHM298.41072_R.bin.118|k141_1640318	35.200	500	5.07e-79	273
GH20_control	GB_GCA_030525455.1|JAUNER010000007.1	33.735	498	6.73e-79	273
GH20_control	UHM1110.41099_R.bin.126|k141_685802	34.433	485	8.12e-79	273
GH20_control	UHM1110.23068_R.bin.209|k141_101708	34.433	485	8.12e-79	273
GH20_control	UHM975.23062_R.bin.26|k141_152747	33.273	553	1.82e-77	269
GH20_control	UHM989.23064_R.bin.153|k141_343557	36.129	465	3.15e-77	268
GH20_control	UHM989.41093_R.bin.92|k141_725554	36.129	465	3.24e-77	268
GH20_control	UHM969.23061_R.bin.162|k141_61116	36.129	465	3.42e-77	268
GH20_control	UHM979.23045_R.bin.184|k141_147882	33.092	553	3.61e-77	268
GH20_control	UHM979.41089_R.bin.124|k141_107560	33.092	553	3.61e-77	268
GH20_control	UHM967.23060_R.bin.96|k141_438819	33.092	553	3.63e-77	268
GH20_control	UHM1110.41099_R.bin.126|k141_613599	34.607	471	6.22e-77	268
GH20_control	UHM1110.23068_R.bin.209|k141_669940	34.607	471	6.22e-77	268
GH20_control	UHM467.41073_R.bin.88|k141_856445	33.696	552	3.64e-76	265
GH20_control	UHM1327.23073_R.bin.104|k141_300333	33.575	551	7.94e-76	265
GH20_control	UHM1327.41103_R.bin.13|k141_1402567	33.575	551	8.62e-76	265
GH20_control	STP294.12602_R.bin.124|k141_36234	34.504	484	9.72e-76	264
GH20_control	GB_GCA_030535875.1|JAUNRC010000020.1	32.653	539	1.45e-75	264
GH20_control	UHM1080.41097_R.bin.23|k141_500249	34.298	484	2.88e-75	263
GH20_control	UHM1088.23067_R.bin.125|k141_1181040	34.298	484	2.92e-75	263
GH20_control	UHM1073.41096_R.bin.29|k141_846514	34.298	484	3.27e-75	263
GH20_control	GB_GCA_945947905.1|CAMEZO010000074.1	30.373	563	4.48e-75	262
GH20_control	UHM993.23065_R.bin.161|k141_425009	34.298	484	4.82e-75	262
GH20_control	UHM993.41094_R.bin.52|k141_624402	34.298	484	4.82e-75	262
GH20_control	GB_GCA_017555205.1|JAFZGW010000015.1	31.685	546	4.86e-75	262
GH20_control	GB_GCA_022787425.1|JALFWB010000056.1	30.728	563	7.18e-75	262
GH20_control	UHM1228.23072_R.bin.109|k141_1036678	35.294	459	9.28e-75	260
GH20_control	UHM969.23061_R.bin.162|k141_334720	31.359	574	1.14e-74	261
GH20_control	UHM989.23064_R.bin.153|k141_121725	31.010	574	7.88e-73	256
GH20_control	UHM989.41093_R.bin.92|k141_419630	31.010	574	8.11e-73	256
GH20_control	GB_GCA_019115065.1|DXEH01000068.1	31.947	529	9.40e-73	255
GH20_control	STP572.12604_R.bin.69|k141_284216	66.092	174	2.03e-72	254
GH20_control	GB_GCA_017415995.1|JAFQDN010000026.1	32.163	541	5.08e-71	251
GH20_control	UHM1073.41096_R.bin.29|k141_1075550	31.250	576	7.16e-71	250
GH20_control	UHM1073.41096_R.bin.29|k141_1075550	28.105	459	9.19e-44	170
GH20_control	GB_GCA_015062045.1|SUVJ01000103.1	30.755	543	7.29e-71	250
GH20_control	GB_GCA_904501955.1|CAJGCY010000160.1	30.893	560	1.00e-70	249
GH20_control	UHM1327.23073_R.bin.104|k141_1000369	32.332	566	1.93e-70	249
GH20_control	UHM1327.41103_R.bin.13|k141_1029868	32.332	566	2.23e-70	249
GH20_control	UHM1080.41097_R.bin.23|k141_498361	31.010	574	2.66e-70	248
GH20_control	UHM1088.23067_R.bin.125|k141_324479	31.010	574	2.66e-70	248
GH20_control	GB_GCA_015062015.1|SUVM01000014.1	30.669	538	2.86e-70	248
GH20_control	STP294.12602_R.bin.124|k141_112194	31.206	564	3.76e-70	248
GH20_control	RS_GCF_001683795.1|NZ_LIGX01000034.1	31.162	568	5.89e-70	247
GH20_control	UHM993.41094_R.bin.52|k141_795975	31.373	561	6.71e-70	247
GH20_control	UHM993.23065_R.bin.161|k141_579831	31.373	561	6.71e-70	247
GH20_control	UHM975.23062_R.bin.26|k141_76999	33.194	479	1.23e-69	246
GH20_control	UHM467.41073_R.bin.88|k141_509341	33.470	487	3.43e-69	245
GH20_control	GB_GCA_019114365.1|DXFQ01000021.1	34.967	449	3.47e-69	245
GH20_control	UHM1228.23072_R.bin.119|k141_780658	32.035	565	6.43e-69	244
GH20_control	UHM1228.41102_R.bin.103|k141_633177	32.035	565	9.45e-69	244
GH20_control	UHM979.23045_R.bin.184|k141_632248	32.985	479	1.23e-68	243
GH20_control	UHM979.41089_R.bin.124|k141_464375	32.985	479	1.24e-68	243
GH20_control	UHM1210.23070_R.bin.39|k141_865132	32.509	566	1.52e-68	243
GH20_control	UHM1210.41100_R.bin.160|k141_1131974	32.509	566	1.52e-68	243
GH20_control	UHM1225.41101_R.bin.117|k141_872914	32.509	566	2.96e-68	243
GH20_control	UHM1225.23071_R.bin.67|k141_202326	32.509	566	2.98e-68	243
GH20_control	GB_GCA_036644695.1|JAVXPO010000003.1	31.107	569	3.31e-68	242
GH20_control	GB_GCA_017555465.1|JAFZGH010000250.1	34.632	462	1.99e-67	239
GH20_control	UHM298.41072_R.bin.118|k141_307883	36.754	419	3.33e-67	239
GH20_control	STP248.12601_R.bin.59|k141_735412	30.952	546	1.34e-66	238
GH20_control	STP248.12601_R.bin.59|k141_735412	26.905	420	1.66e-28	124
GH20_control	EHM058433|EHA04262_bin.1^_149	32.613	463	2.21e-66	233
GH20_control	UHM969.23061_R.bin.5|k141_459345	30.810	568	2.61e-66	237
GH20_control	EHM047773|EHA03362_bin.15^_9	30.648	571	3.44e-66	236
GH20_control	GB_GCA_904501975.1|CAJGCZ010000043.1	30.216	556	9.43e-66	235
GH20_control	EHM034775|EHA02325_bin.5^_241	30.109	548	1.46e-65	233
GH20_control	GB_GCA_004557455.1|SFDX01000044.1	32.962	449	2.16e-65	234
GH20_control	EHM058433|EHA04262_bin.1^_155	30.109	548	3.21e-65	233
GH20_control	EHM059645|EHA04398_bin.34^_30	30.109	548	3.27e-65	233
GH20_control	EHM058731|EHA04264_bin.4^_69	30.109	548	3.30e-65	233
GH20_control	EHM059270|EHA04258_bin.7^_68	30.109	548	3.30e-65	233
GH20_control	EHM034886|EHA02326_bin.15^_35	30.109	548	3.30e-65	233
GH20_control	EHM034790|EHA02333_bin.19^_55	30.109	548	3.39e-65	233
GH20_control	EHM035138|EHA02348_bin.11^_29	30.109	548	3.50e-65	233
GH20_control	EHM035138|EHA02348_bin.11^_29	29.508	488	2.04e-62	225
GH20_control	EHM058986|EHA04257_bin.26^_26	30.109	548	3.50e-65	233
GH20_control	EHM058986|EHA04257_bin.26^_26	29.508	488	2.04e-62	225
GH20_control	EHM035309|EHA02336_bin.3^_7	30.109	548	3.50e-65	233
GH20_control	EHM035309|EHA02336_bin.3^_7	29.508	488	2.04e-62	225
GH20_control	EHM062382|EHA04410_bin.57^_44	30.419	549	3.69e-65	233
GH20_control	EHM059873|EHA04409_bin.14^_6	30.419	549	3.69e-65	233
GH20_control	EHM059778|EHA04396_bin.14^_26	30.419	549	3.69e-65	233
GH20_control	EHM059655|EHA04404_bin.10^_5	30.419	549	3.71e-65	233
GH20_control	EHM034857|EHA02329_bin.13^_5	30.109	548	3.93e-65	233
GH20_control	EHM058620|EHA04270_bin.2^_48	30.109	548	3.94e-65	233
GH20_control	EHM059424|EHA04301_bin.21^_10	30.109	548	4.06e-65	233
GH20_control	EHM035336|EHA02357_bin.3^_90	30.109	548	4.26e-65	233
GH20_control	EHM034661|EHA02355_bin.12^_35	30.109	548	4.26e-65	233
GH20_control	EHM034581|EHA02328_bin.11^_23	30.109	548	4.26e-65	233
GH20_control	EHM035336|EHA02357_bin.3^_123	32.613	463	4.68e-65	233
GH20_control	EHM035336|EHA02357_bin.3^_123	23.396	530	8.47e-19	94.0
GH20_control	EHM034661|EHA02355_bin.12^_39	32.613	463	4.68e-65	233
GH20_control	EHM034661|EHA02355_bin.12^_39	23.396	530	8.47e-19	94.0
GH20_control	EHM034581|EHA02328_bin.11^_33	32.613	463	4.68e-65	233
GH20_control	EHM034581|EHA02328_bin.11^_33	23.396	530	8.47e-19	94.0
GH20_control	EHM059873|EHA04409_bin.14^_12	32.613	463	4.90e-65	233
GH20_control	EHM059873|EHA04409_bin.14^_12	23.396	530	8.24e-19	94.0
GH20_control	EHM059778|EHA04396_bin.14^_48	32.613	463	4.90e-65	233
GH20_control	EHM059778|EHA04396_bin.14^_48	23.396	530	8.24e-19	94.0
GH20_control	EHM062382|EHA04410_bin.57^_25	32.613	463	4.90e-65	233
GH20_control	EHM062382|EHA04410_bin.57^_25	23.396	530	8.25e-19	94.0
GH20_control	EHM047851|EHA03354_bin.16^_23	32.613	463	4.90e-65	233
GH20_control	EHM047851|EHA03354_bin.16^_23	23.396	530	8.25e-19	94.0
GH20_control	EHM059655|EHA04404_bin.10^_7	32.613	463	4.91e-65	233
GH20_control	EHM059655|EHA04404_bin.10^_7	23.396	530	8.25e-19	94.0
GH20_control	UHM1080.23066_R.bin.78|k141_129749	30.742	566	6.52e-65	233
GH20_control	EHM047851|EHA03354_bin.16^_121	30.109	548	9.58e-65	232
GH20_control	EHM059156|EHA04275_bin.14^_47	32.613	463	9.97e-65	232
GH20_control	EHM059156|EHA04275_bin.14^_47	23.396	530	8.84e-19	94.0
GH20_control	EHM035309|EHA02336_bin.3^_28	32.613	463	9.99e-65	232
GH20_control	EHM035309|EHA02336_bin.3^_28	23.396	530	8.86e-19	94.0
GH20_control	EHM035138|EHA02348_bin.11^_5	32.613	463	9.99e-65	232
GH20_control	EHM035138|EHA02348_bin.11^_5	23.396	530	8.86e-19	94.0
GH20_control	EHM034790|EHA02333_bin.19^_51	32.613	463	9.99e-65	232
GH20_control	EHM034790|EHA02333_bin.19^_51	23.396	530	8.86e-19	94.0
GH20_control	EHM058986|EHA04257_bin.26^_7	32.613	463	1.00e-64	232
GH20_control	EHM058986|EHA04257_bin.26^_7	23.396	530	8.88e-19	94.0
GH20_control	EHM059156|EHA04275_bin.14^_0	29.927	548	1.87e-64	231
GH20_control	EHM058880|EHA04256_bin.2^_42	29.927	548	1.87e-64	231
GH20_control	EHM034775|EHA02325_bin.5^_157	32.181	463	2.17e-63	228
GH20_control	EHM034775|EHA02325_bin.5^_157	23.396	530	7.39e-19	94.0
GH20_control	EHM058731|EHA04264_bin.4^_75	32.181	463	2.50e-63	228
GH20_control	EHM058731|EHA04264_bin.4^_75	23.396	530	8.84e-19	94.0
GH20_control	EHM059270|EHA04258_bin.7^_23	32.181	463	2.50e-63	228
GH20_control	EHM059270|EHA04258_bin.7^_23	23.396	530	8.84e-19	94.0
GH20_control	EHM059645|EHA04398_bin.34^_504	32.181	463	2.56e-63	228
GH20_control	EHM058666|EHA04288_bin.17^_41	32.181	463	2.57e-63	228
GH20_control	EHM058666|EHA04288_bin.17^_41	23.396	530	8.77e-19	94.0
GH20_control	EHM034886|EHA02326_bin.15^_41	32.181	463	2.58e-63	228
GH20_control	EHM034886|EHA02326_bin.15^_41	23.396	530	9.05e-19	94.0
GH20_control	EHM058880|EHA04256_bin.2^_31	32.181	463	2.60e-63	228
GH20_control	EHM058880|EHA04256_bin.2^_31	23.396	530	8.84e-19	94.0
GH20_control	EHM058620|EHA04270_bin.2^_70	32.181	463	2.61e-63	228
GH20_control	EHM058620|EHA04270_bin.2^_70	23.260	503	1.15e-18	93.6
GH20_control	EHM034857|EHA02329_bin.13^_71	32.181	463	2.61e-63	228
GH20_control	EHM034857|EHA02329_bin.13^_71	23.260	503	1.15e-18	93.6
GH20_control	EHM059424|EHA04301_bin.21^_18	32.181	463	2.66e-63	228
GH20_control	EHM059424|EHA04301_bin.21^_18	23.396	530	5.61e-19	94.7
GH20_control	GB_GCA_904501915.1|CAJGCV010000040.1	30.769	546	2.83e-63	228
GH20_control	EHM059645|EHA04398_bin.34^_378	35.233	386	6.90e-63	223
GH20_control	EHM058666|EHA04288_bin.17^_98	29.508	488	1.44e-62	226
GH20_control	EHM058880|EHA04256_bin.2^_57	29.508	488	1.48e-62	226
GH20_control	EHM058731|EHA04264_bin.4^_40	29.508	488	1.69e-62	226
GH20_control	EHM059270|EHA04258_bin.7^_17	29.508	488	1.69e-62	226
GH20_control	EHM059655|EHA04404_bin.10^_21	29.508	488	1.73e-62	226
GH20_control	EHM062382|EHA04410_bin.57^_39	29.508	488	1.73e-62	226
GH20_control	EHM059778|EHA04396_bin.14^_10	29.508	488	1.73e-62	226
GH20_control	EHM059873|EHA04409_bin.14^_38	29.508	488	1.73e-62	226
GH20_control	EHM047851|EHA03354_bin.16^_7	29.508	488	1.73e-62	226
GH20_control	GB_GCA_947624785.1|CANQLV010000003.1	31.385	462	1.78e-62	226
GH20_control	EHM059156|EHA04275_bin.14^_19	29.508	488	2.02e-62	225
GH20_control	EHM034790|EHA02333_bin.19^_4	29.508	488	2.03e-62	225
GH20_control	EHM059645|EHA04398_bin.34^_433	29.448	489	2.53e-62	225
GH20_control	EHM034775|EHA02325_bin.5^_179	29.448	489	2.74e-62	225
GH20_control	EHM059424|EHA04301_bin.21^_46	29.448	489	2.74e-62	225
GH20_control	EHM034581|EHA02328_bin.11^_70	29.448	489	2.90e-62	225
GH20_control	EHM035336|EHA02357_bin.3^_115	29.448	489	2.90e-62	225
GH20_control	EHM034661|EHA02355_bin.12^_50	29.448	489	2.90e-62	225
GH20_control	EHM058620|EHA04270_bin.2^_32	29.448	489	3.40e-62	224
GH20_control	EHM034857|EHA02329_bin.13^_69	29.448	489	3.40e-62	224
GH20_control	UHM967.23060_R.bin.96|k141_247161	30.314	574	1.29e-61	223
GH20_control	UHM967.23060_R.bin.96|k141_247161	26.164	451	1.02e-26	119
GH20_control	UHM975.23062_R.bin.26|k141_724334	29.947	571	2.61e-61	222
GH20_control	UHM1327.23073_R.bin.104|k141_343673	31.020	461	2.79e-61	221
GH20_control	UHM1073.41096_R.bin.29|k141_787176	30.070	572	2.79e-61	222
GH20_control	UHM1073.41096_R.bin.29|k141_787176	25.390	449	6.10e-22	103
GH20_control	UHM1080.41097_R.bin.23|k141_680275	30.070	572	2.81e-61	222
GH20_control	UHM1088.23067_R.bin.125|k141_98163	30.070	572	2.87e-61	222
GH20_control	UHM1088.23067_R.bin.125|k141_98163	25.664	452	5.05e-22	104
GH20_control	UHM979.23045_R.bin.184|k141_196319	30.139	574	3.46e-61	222
GH20_control	UHM979.23045_R.bin.184|k141_196319	26.164	451	1.02e-26	119
GH20_control	UHM979.41089_R.bin.124|k141_427903	30.139	574	3.46e-61	222
GH20_control	UHM979.41089_R.bin.124|k141_427903	26.164	451	1.02e-26	119
GH20_control	UHM993.41094_R.bin.52|k141_132612	30.070	572	7.50e-61	221
GH20_control	UHM993.23065_R.bin.161|k141_429608	30.070	572	7.65e-61	221
GH20_control	UHM993.23065_R.bin.161|k141_429608	25.390	449	5.71e-22	103
GH20_control	UHM1327.41103_R.bin.13|k141_950594	31.020	461	8.58e-61	221
GH20_control	GB_GCA_017546445.1|JAFYWX010000035.1	31.540	539	1.01e-60	220
GH20_control	STP294.12602_R.bin.124|k141_110360	30.192	573	1.01e-60	220
GH20_control	GB_GCA_015062055.1|SUVK01000012.1	30.634	568	1.31e-60	220
GH20_control	UHM467.41073_R.bin.88|k141_434669	40.514	311	1.85e-60	219
GH20_control	UHM467.41073_R.bin.88|k141_1012777	31.522	460	2.29e-60	219
GH20_control	RS_GCF_001683795.1|NZ_LIGX01000035.1	33.259	451	2.82e-60	219
GH20_control	UHM1228.41102_R.bin.103|k141_795431	31.838	468	3.95e-60	218
GH20_control	UHM1110.23068_R.bin.209|k141_545645	31.692	467	4.06e-60	219
GH20_control	UHM1110.41099_R.bin.126|k141_247031	31.692	467	4.06e-60	219
GH20_control	UHM1225.41101_R.bin.117|k141_133267	31.838	468	4.56e-60	218
GH20_control	UHM1225.23071_R.bin.67|k141_475595	31.838	468	4.65e-60	218
GH20_control	UHM1228.23072_R.bin.119|k141_919120	31.838	468	4.66e-60	218
GH20_control	UHM1210.23070_R.bin.39|k141_1086440	31.838	468	4.71e-60	218
GH20_control	STP248.12601_R.bin.59|k141_881158	31.398	465	4.39e-59	216
GH20_control	GB_GCA_904502165.1|CAJGDB010000021.1	35.111	450	5.68e-59	215
GH20_control	GB_GCA_036644695.1|JAVXPO010000022.1	30.687	466	1.02e-58	214
GH20_control	GB_GCA_036644695.1|JAVXPO010000012.1	29.019	479	5.54e-58	212
GH20_control	UHM1210.41100_R.bin.160|k141_755984	28.698	453	1.71e-57	211
GH20_control	UHM1210.23070_R.bin.39|k141_522489	28.698	453	1.71e-57	211
GH20_control	UHM1225.41101_R.bin.117|k141_760529	28.698	453	1.83e-57	211
GH20_control	UHM1225.41101_R.bin.117|k141_760529	25.390	449	5.58e-25	113
GH20_control	UHM1225.23071_R.bin.67|k141_138375	28.698	453	1.83e-57	211
GH20_control	UHM1225.23071_R.bin.67|k141_138375	25.390	449	5.58e-25	113
GH20_control	UHM1228.41102_R.bin.103|k141_628602	28.698	453	2.07e-57	211
GH20_control	UHM1228.23072_R.bin.119|k141_710439	28.698	453	2.26e-57	211
GH20_control	UHM1228.23072_R.bin.119|k141_710439	24.701	502	6.57e-26	116
GH20_control	UHM1110.41099_R.bin.126|k141_612002	28.540	452	3.34e-57	210
GH20_control	UHM1110.23068_R.bin.209|k141_3637	28.540	452	3.34e-57	210
GH20_control	EHM058666|EHA04288_bin.17^_121	32.000	450	5.83e-57	206
GH20_control	UHM298.41072_R.bin.118|k141_1447119	33.408	449	6.21e-57	209
GH20_control	UHM298.41072_R.bin.118|k141_1447119	30.233	430	3.19e-55	204
GH20_control	GB_GCA_937901085.1|CALCHQ010000085.1	33.333	465	7.62e-57	209
GH20_control	GB_GCA_017435365.1|JAFSFD010000059.1	32.773	476	1.12e-56	208
GH20_control	EHM034590|EHA02328_bin.2^_344	30.435	437	2.20e-56	207
GH20_control	UHM973.23044_R.bin.60|k141_490302	30.275	436	2.24e-56	207
GH20_control	EHM034914|EHA02363_bin.15^_428	30.435	437	2.36e-56	207
GH20_control	EHM034529|EHA02330_bin.15^_35	30.435	437	2.49e-56	207
GH20_control	EHM034545|EHA02335_bin.1^_139	30.435	437	2.52e-56	207
GH20_control	EHM059595|EHA04267_bin.30^_67	30.435	437	2.57e-56	207
GH20_control	EHM035248|EHA02342_bin.4^_23	30.435	437	2.58e-56	207
GH20_control	UHM1327.23073_R.bin.104|k141_338202	28.791	455	2.73e-56	207
GH20_control	UHM1327.41103_R.bin.13|k141_1264304	28.791	455	2.82e-56	207
GH20_control	UHM975.23062_R.bin.26|k141_911056	30.472	466	2.84e-56	207
GH20_control	STP248.12601_R.bin.115|k141_499587	30.357	448	2.91e-56	207
GH20_control	UHM979.41089_R.bin.124|k141_1291863	30.472	466	2.92e-56	207
GH20_control	UHM979.23045_R.bin.184|k141_219708	30.472	466	2.92e-56	207
GH20_control	UHM967.23060_R.bin.96|k141_530442	30.472	466	2.97e-56	207
GH20_control	EHM047745|EHA03360_bin.17^_456	30.206	437	3.13e-56	202
GH20_control	STP248.12601_R.bin.115|k141_670455	30.958	449	3.74e-56	207
GH20_control	UHM467.41073_R.bin.88|k141_84026	28.571	455	4.98e-56	206
GH20_control	EHM059595|EHA04267_bin.30^_19	30.512	449	5.31e-56	206
GH20_control	EHM047851|EHA03354_bin.16^_119	32.000	450	7.60e-56	206
GH20_control	EHM059655|EHA04404_bin.10^_11	32.000	450	7.77e-56	206
GH20_control	EHM059873|EHA04409_bin.14^_17	32.000	450	7.97e-56	206
GH20_control	EHM062382|EHA04410_bin.57^_29	32.000	450	7.97e-56	206
GH20_control	EHM059778|EHA04396_bin.14^_40	32.000	450	7.97e-56	206
GH20_control	EHM034581|EHA02328_bin.11^_75	32.000	450	8.86e-56	206
GH20_control	EHM059645|EHA04398_bin.34^_345	31.868	455	8.92e-56	206
GH20_control	EHM058433|EHA04262_bin.1^_276	32.000	450	1.04e-55	206
GH20_control	EHM034884|EHA02326_bin.13^_62	29.111	450	1.08e-55	205
GH20_control	EHM034790|EHA02333_bin.19^_62	32.000	450	1.13e-55	206
GH20_control	EHM035138|EHA02348_bin.11^_13	32.000	450	1.13e-55	206
GH20_control	EHM035309|EHA02336_bin.3^_50	32.000	450	1.13e-55	206
GH20_control	EHM058986|EHA04257_bin.26^_32	32.000	450	1.13e-55	206
GH20_control	EHM058620|EHA04270_bin.2^_54	32.000	450	1.13e-55	206
GH20_control	EHM034857|EHA02329_bin.13^_23	32.000	450	1.13e-55	206
GH20_control	EHM059270|EHA04258_bin.7^_33	32.000	450	1.13e-55	206
GH20_control	EHM058731|EHA04264_bin.4^_27	32.000	450	1.13e-55	206
GH20_control	EHM034886|EHA02326_bin.15^_21	32.000	450	1.13e-55	206
GH20_control	EHM059424|EHA04301_bin.21^_36	32.000	450	1.43e-55	205
GH20_control	EHM059156|EHA04275_bin.14^_6	32.000	450	1.43e-55	205
GH20_control	UHM973.23044_R.bin.60|k141_428315	30.735	449	1.49e-55	205
GH20_control	EHM047993|EHA03357_bin.24^_27	30.435	437	1.54e-55	205
GH20_control	EHM060165|EHA04403_bin.22^_77	30.435	437	1.57e-55	205
GH20_control	EHM035359|EHA02327_bin.13^_33	30.512	449	1.69e-55	205
GH20_control	EHM058868|EHA04256_bin.10^_71	30.512	449	1.69e-55	205
GH20_control	EHM059442|EHA04301_bin.9^_44	30.512	449	1.69e-55	205
GH20_control	EHM034803|EHA02333_bin.5^_32	30.512	449	1.70e-55	205
GH20_control	EHM035162|EHA02340_bin.13^_28	30.512	449	1.70e-55	205
GH20_control	EHM034722|EHA02359_bin.21^_436	30.512	449	1.87e-55	204
GH20_control	GB_GCA_947624785.1|CANQLV010000013.1	29.533	535	1.91e-55	205
GH20_control	GB_GCA_947624785.1|CANQLV010000013.1	21.429	448	2.55e-11	70.1
GH20_control	EHM034914|EHA02363_bin.15^_440	30.512	449	2.13e-55	204
GH20_control	EHM034884|EHA02326_bin.13^_74	30.512	449	2.63e-55	204
GH20_control	EHM059126|EHA04296_bin.33^_73	30.512	449	2.64e-55	204
GH20_control	GB_GCA_017521145.1|JAFXDR010000001.1	34.889	450	2.68e-55	204
GH20_control	EHM058418|EHA04286_bin.27^_105	30.512	449	2.74e-55	204
GH20_control	EHM034545|EHA02335_bin.1^_114	30.512	449	2.84e-55	204
GH20_control	EHM035248|EHA02342_bin.4^_107	30.512	449	2.92e-55	204
GH20_control	EHM060165|EHA04403_bin.22^_15	30.512	449	2.98e-55	204
GH20_control	UHM1080.41097_R.bin.23|k141_61809	30.208	480	2.99e-55	204
GH20_control	UHM1088.23067_R.bin.125|k141_473330	30.208	480	3.00e-55	204
GH20_control	UHM1088.23067_R.bin.125|k141_473330	23.629	529	6.23e-17	88.2
GH20_control	UHM993.41094_R.bin.52|k141_242735	30.208	480	3.00e-55	204
GH20_control	UHM993.23065_R.bin.161|k141_595716	30.208	480	3.01e-55	204
GH20_control	EHM034529|EHA02330_bin.15^_129	30.512	449	3.03e-55	204
GH20_control	EHM058679|EHA04264_bin.1^_34	30.512	449	3.04e-55	204
GH20_control	EHM034862|EHA02329_bin.18^_8	30.512	449	3.04e-55	204
GH20_control	EHM035226|EHA02339_bin.9^_13	30.512	449	3.04e-55	204
GH20_control	EHM047993|EHA03357_bin.24^_36	30.512	449	3.04e-55	204
GH20_control	EHM059209|EHA04271_bin.1^_17	30.512	449	3.04e-55	204
GH20_control	EHM060097|EHA04399_bin.22^_88	30.512	449	3.05e-55	204
GH20_control	UHM967.23060_R.bin.96|k141_618137	29.106	481	3.33e-55	204
GH20_control	UHM989.41093_R.bin.92|k141_8356	30.000	470	4.17e-55	204
GH20_control	UHM989.23064_R.bin.153|k141_626672	30.000	470	4.29e-55	204
GH20_control	UHM1080.41097_R.bin.23|k141_93273	28.634	454	6.85e-55	203
GH20_control	EHM058418|EHA04286_bin.27^_144	30.206	437	7.16e-55	203
GH20_control	EHM059788|EHA04396_bin.19^_131	30.206	437	7.36e-55	202
GH20_control	UHM975.23062_R.bin.26|k141_552879	30.000	480	7.41e-55	203
GH20_control	EHM059209|EHA04271_bin.1^_69	30.206	437	7.59e-55	203
GH20_control	EHM058679|EHA04264_bin.1^_89	30.206	437	7.59e-55	203
GH20_control	EHM034862|EHA02329_bin.18^_21	30.206	437	7.59e-55	203
GH20_control	EHM035226|EHA02339_bin.9^_17	30.206	437	7.60e-55	203
GH20_control	UHM1073.41096_R.bin.29|k141_47459	28.414	454	8.48e-55	203
GH20_control	UHM979.23045_R.bin.184|k141_1041136	30.000	480	8.75e-55	203
GH20_control	UHM979.41089_R.bin.124|k141_1084836	30.000	480	8.86e-55	203
GH20_control	EHM058868|EHA04256_bin.10^_41	30.435	437	1.17e-54	202
GH20_control	EHM034803|EHA02333_bin.5^_19	30.435	437	1.17e-54	202
GH20_control	EHM035162|EHA02340_bin.13^_49	30.435	437	1.17e-54	202
GH20_control	EHM047874|EHA03359_bin.11^_35	30.206	437	1.18e-54	202
GH20_control	EHM059896|EHA04409_bin.35^_26	30.206	437	1.24e-54	202
GH20_control	EHM060097|EHA04399_bin.22^_74	30.206	437	1.24e-54	202
GH20_control	EHM047854|EHA03354_bin.19^_98	30.206	437	1.24e-54	202
GH20_control	EHM059934|EHA04407_bin.4^_30	30.206	437	1.24e-54	202
GH20_control	EHM062339|EHA04410_bin.18^_52	30.206	437	1.24e-54	202
GH20_control	EHM059995|EHA04400_bin.9^_54	30.206	437	1.24e-54	202
GH20_control	EHM047973|EHA03361_bin.6^_76	30.206	437	1.25e-54	202
GH20_control	EHM035359|EHA02327_bin.13^_71	30.435	437	1.25e-54	202
GH20_control	EHM059442|EHA04301_bin.9^_19	30.435	437	1.30e-54	202
GH20_control	EHM047874|EHA03359_bin.11^_107	30.290	449	1.44e-54	202
GH20_control	EHM062124|EHA04394_bin.12^_31	30.290	449	1.45e-54	202
GH20_control	EHM059995|EHA04400_bin.9^_64	30.290	449	1.56e-54	202
GH20_control	EHM047973|EHA03361_bin.6^_37	30.290	449	1.56e-54	202
GH20_control	EHM060125|EHA04395_bin.17^_56	30.290	449	1.56e-54	202
GH20_control	EHM059835|EHA04401_bin.7^_6	30.290	449	1.56e-54	202
GH20_control	UHM1073.41096_R.bin.29|k141_65696	30.208	480	1.64e-54	202
GH20_control	EHM034661|EHA02355_bin.12^_61	31.778	450	2.13e-54	202
GH20_control	EHM035336|EHA02357_bin.3^_128	31.778	450	2.14e-54	202
GH20_control	EHM059788|EHA04396_bin.19^_12	30.067	449	2.24e-54	201
GH20_control	STP294.12602_R.bin.124|k141_21555	30.208	480	2.58e-54	201
GH20_control	EHM062339|EHA04410_bin.18^_62	30.067	449	2.81e-54	201
GH20_control	EHM059934|EHA04407_bin.4^_99	30.067	449	2.81e-54	201
GH20_control	EHM047854|EHA03354_bin.19^_115	30.067	449	2.81e-54	201
GH20_control	EHM059896|EHA04409_bin.35^_15	30.067	449	2.81e-54	201
GH20_control	UHM993.41094_R.bin.52|k141_39157	27.615	478	3.17e-54	201
GH20_control	UHM993.23065_R.bin.161|k141_1094967	27.615	478	3.20e-54	201
GH20_control	UHM1088.23067_R.bin.125|k141_864549	28.194	454	5.17e-54	201
GH20_control	GB_GCA_905200945.1|CAJKMG010000004.1	28.853	558	6.81e-54	200
GH20_control	GB_GCA_905200945.1|CAJKMG010000004.1	24.111	253	9.60e-12	71.6
GH20_control	STP572.12604_R.bin.69|k141_388511	31.388	497	9.82e-54	199
GH20_control	GB_GCA_017379255.1|JAFNWZ010000383.1	34.565	460	1.06e-53	199
GH20_control	UHM969.23061_R.bin.162|k141_393295	30.000	470	1.23e-53	199
GH20_control	STP294.12602_R.bin.124|k141_343791	27.409	467	1.52e-53	199
GH20_control	EHM034590|EHA02328_bin.2^_203	30.067	449	2.11e-53	198
GH20_control	EHM059835|EHA04401_bin.7^_46	30.435	437	3.02e-53	198
GH20_control	UHM467.41073_R.bin.88|k141_511763	30.347	547	4.82e-53	197
GH20_control	UHM969.23061_R.bin.162|k141_645801	28.510	463	7.14e-53	197
GH20_control	UHM989.41093_R.bin.92|k141_745447	28.510	463	1.21e-52	196
GH20_control	UHM989.23064_R.bin.153|k141_258711	28.510	463	1.21e-52	196
GH20_control	STP248.12601_R.bin.59|k141_612841	28.178	472	7.46e-52	194
GH20_control	UHM1225.23071_R.bin.67|k141_522913	30.150	534	8.17e-52	194
GH20_control	UHM1225.41101_R.bin.117|k141_525323	30.150	534	8.17e-52	194
GH20_control	UHM1327.23073_R.bin.104|k141_1441108	30.595	487	9.77e-52	194
GH20_control	UHM1327.41103_R.bin.13|k141_293748	30.595	487	9.84e-52	194
GH20_control	GB_GCA_017937215.1|JAGBDZ010000117.1	31.115	511	1.03e-51	194
GH20_control	GB_GCA_017937215.1|JAGBDZ010000117.1	28.745	247	2.77e-23	108
GH20_control	UHM1228.41102_R.bin.103|k141_290017	31.878	458	2.19e-51	193
GH20_control	UHM1210.23070_R.bin.39|k141_1087054	31.878	458	2.19e-51	193
GH20_control	UHM1210.41100_R.bin.160|k141_1287873	31.878	458	2.20e-51	193
GH20_control	UHM1210.41100_R.bin.160|k141_1287873	22.604	407	4.67e-15	82.0
GH20_control	UHM1228.23072_R.bin.119|k141_1036056	31.878	458	2.24e-51	193
GH20_control	UHM1228.23072_R.bin.109|k141_980047	30.889	450	2.34e-51	188
GH20_control	EHM059643|EHA04398_bin.32^_111	30.414	411	3.73e-51	186
GH20_control	EHM058666|EHA04288_bin.17^_267	27.828	442	2.10e-50	189
GH20_control	EHM034857|EHA02329_bin.13^_62	27.602	442	2.59e-50	190
GH20_control	EHM058620|EHA04270_bin.2^_4	27.602	442	2.59e-50	190
GH20_control	EHM058880|EHA04256_bin.2^_8	27.828	442	2.75e-50	189
GH20_control	EHM034722|EHA02359_bin.21^_348	45.876	194	3.11e-50	184
GH20_control	GB_GCA_947624785.1|CANQLV010000001.1	27.033	455	6.11e-50	189
GH20_control	GB_GCA_947624785.1|CANQLV010000001.1	30.130	385	4.05e-47	180
GH20_control	GB_GCA_947624785.1|CANQLV010000001.1	31.298	262	1.36e-27	121
GH20_control	EHM034661|EHA02355_bin.12^_58	27.376	442	7.24e-50	188
GH20_control	EHM034581|EHA02328_bin.11^_80	27.376	442	7.30e-50	188
GH20_control	EHM035336|EHA02357_bin.3^_136	27.376	442	7.41e-50	188
GH20_control	EHM034775|EHA02325_bin.5^_5	27.376	442	9.76e-50	188
GH20_control	EHM059424|EHA04301_bin.21^_64	27.376	442	9.88e-50	188
GH20_control	EHM058731|EHA04264_bin.4^_24	27.376	442	1.02e-49	188
GH20_control	EHM059270|EHA04258_bin.7^_20	27.376	442	1.03e-49	188
GH20_control	EHM047851|EHA03354_bin.16^_12	27.765	443	1.10e-49	188
GH20_control	EHM059655|EHA04404_bin.10^_25	27.765	443	1.15e-49	188
GH20_control	EHM062382|EHA04410_bin.57^_6	27.765	443	1.15e-49	188
GH20_control	EHM059778|EHA04396_bin.14^_7	27.765	443	1.15e-49	188
GH20_control	EHM059873|EHA04409_bin.14^_36	28.054	442	1.85e-49	187
GH20_control	UHM1110.41099_R.bin.126|k141_543453	30.649	447	2.16e-49	187
GH20_control	UHM1110.23068_R.bin.209|k141_625369	30.649	447	2.16e-49	187
GH20_control	EHM034886|EHA02326_bin.15^_53	25.852	499	4.08e-49	186
GH20_control	EHM034790|EHA02333_bin.19^_44	27.602	442	6.01e-49	186
GH20_control	EHM058986|EHA04257_bin.26^_11	27.602	442	6.01e-49	186
GH20_control	EHM035309|EHA02336_bin.3^_47	27.602	442	6.01e-49	186
GH20_control	EHM035138|EHA02348_bin.11^_20	27.602	442	6.01e-49	186
GH20_control	UHM989.41093_R.bin.92|k141_111973	32.816	451	6.40e-49	186
GH20_control	UHM989.23064_R.bin.153|k141_725117	32.816	451	6.73e-49	186
GH20_control	UHM1228.23072_R.bin.109|k141_332083	26.535	456	7.68e-49	182
GH20_control	UHM969.23061_R.bin.162|k141_201703	32.373	451	1.05e-48	185
GH20_control	UHM969.23061_R.bin.5|k141_509909	27.938	451	1.07e-48	185
GH20_control	UHM1080.23066_R.bin.78|k141_494828	27.938	451	1.28e-48	184
GH20_control	UHM1080.23066_R.bin.78|k141_2194	27.491	582	2.23e-48	184
GH20_control	RS_GCF_001683795.1|NZ_LIGX01000013.1	27.473	546	2.25e-48	184
GH20_control	EHM059156|EHA04275_bin.14^_11	27.376	442	2.49e-48	184
GH20_control	GB_GCA_030531305.1|JAUNNT010000066.1	32.190	379	4.80e-48	183
GH20_control	GB_GCA_017558555.1|JAFYUJ010000009.1	30.023	443	9.23e-48	182
GH20_control	EHM058666|EHA04288_bin.17^_46	30.337	445	2.10e-47	181
GH20_control	GB_GCA_017472085.1|JAFUQZ010000043.1	30.045	446	3.41e-47	180
GH20_control	GB_GCA_024405455.1|JAKSOT010000107.1	31.926	379	6.26e-47	179
GH20_control	GB_GCA_024405435.1|JAKSOU010000023.1	32.461	382	1.41e-46	179
GH20_control	GB_GCA_937905985.1|CALCWC010000141.1	32.199	382	2.16e-46	178
GH20_control	RS_GCF_001683795.1|NZ_LIGX01000037.1	30.088	452	2.58e-46	178
GH20_control	EHM034914|EHA02363_bin.15^_233	43.478	207	8.90e-46	176
GH20_control	UHM969.23061_R.bin.5|k141_401100	27.470	506	2.28e-45	175
GH20_control	EHM047773|EHA03362_bin.15^_15	27.470	506	2.86e-45	175
GH20_control	EHM034884|EHA02326_bin.13^_253	30.352	369	8.34e-45	169
GH20_control	UHM245.23042_R.bin.54|k141_1195	27.075	506	1.05e-44	173
GH20_control	UHM1080.23066_R.bin.78|k141_323840	27.075	506	1.69e-44	172
GH20_control	GB_GCA_937893015.1|CALBJX010000062.1	31.768	362	1.87e-44	172
GH20_control	GB_GCA_030523775.1|JAUNHW010000007.1	30.263	380	3.20e-44	172
GH20_control	EHM059126|EHA04296_bin.33^_280	34.122	296	3.59e-44	171
GH20_control	GB_GCA_004557455.1|SFDX01000006.1	31.522	368	4.09e-44	171
GH20_control	RS_GCF_001683795.1|NZ_LIGX01000038.1	27.075	506	5.56e-44	171
GH20_control	RS_GCF_001683795.1|NZ_LIGX01000001.1	27.075	506	5.56e-44	171
GH20_control	GB_GCA_022787425.1|JALFWB010000034.1	31.522	368	5.57e-44	171
GH20_control	UHM993.41094_R.bin.52|k141_75211	28.105	459	9.06e-44	170
GH20_control	UHM993.23065_R.bin.161|k141_816109	28.105	459	9.06e-44	170
GH20_control	STP294.12602_R.bin.124|k141_543883	28.105	459	9.11e-44	170
GH20_control	UHM1080.41097_R.bin.23|k141_258382	28.105	459	9.11e-44	170
GH20_control	UHM1088.23067_R.bin.125|k141_760830	28.105	459	9.16e-44	170
GH20_control	UHM1228.23072_R.bin.109|k141_879637	33.968	315	1.02e-43	169
GH20_control	EHM058433|EHA04262_bin.1^_263	35.766	274	1.50e-43	169
GH20_control	GB_GCA_021200315.1|JAJQGU010000035.1	25.506	494	1.89e-43	169
GH20_control	EHM062124|EHA04394_bin.12^_105	34.122	296	3.14e-43	169
GH20_control	GB_GCA_945947905.1|CAMEZO010000027.1	31.250	368	4.05e-43	168
GH20_control	GB_GCA_017546445.1|JAFYWX010000002.1	32.869	359	2.92e-42	166
GH20_control	UHM975.23062_R.bin.26|k141_564929	28.009	457	6.14e-42	165
GH20_control	UHM979.41089_R.bin.124|k141_1218130	28.009	457	6.45e-42	165
GH20_control	UHM979.23045_R.bin.184|k141_181735	28.009	457	6.46e-42	165
GH20_control	GB_GCA_947624785.1|CANQLV010000020.1	26.483	472	6.55e-42	164
GH20_control	STP572.12604_R.bin.69|k141_3456	26.652	454	1.07e-41	164
GH20_control	EHM059643|EHA04398_bin.32^_344	47.561	164	1.08e-41	161
GH20_control	GB_GCA_019115065.1|DXEH01000070.1	30.588	425	1.15e-41	164
GH20_control	GB_GCA_905200945.1|CAJKMG010000005.1	26.273	491	1.40e-41	164
GH20_control	GB_GCA_017555205.1|JAFZGW010000022.1	30.790	367	2.03e-41	163
GH20_control	UHM967.23060_R.bin.96|k141_473634	28.009	457	2.15e-41	163
GH20_control	GB_GCA_904501955.1|CAJGCY010000004.1	30.147	408	2.32e-40	160
GH20_control	GB_GCA_937901085.1|CALCHQ010000035.1	30.618	356	1.14e-39	158
GH20_control	EHM060125|EHA04395_bin.17^_99	36.800	250	1.45e-39	157
GH20_control	EHM059645|EHA04398_bin.34^_451	31.338	284	1.49e-39	154
GH20_control	GB_GCA_947039485.1|CAMQZC010000003.1	27.350	351	2.26e-38	142
GH20_control	GB_GCA_947039485.1|CAMQZC010000003.1	35.897	39	2.26e-38	39.3
GH20_control	UHM1080.23066_R.bin.78|k141_552886	37.109	256	4.86e-38	153
GH20_control	GB_GCA_017555465.1|JAFZGH010000151.1	31.054	351	9.99e-38	152
GH20_control	GB_GCA_904501975.1|CAJGCZ010000003.1	29.469	414	1.20e-37	152
GH20_control	GB_GCA_937885815.1|CALABM010000038.1	28.571	357	9.55e-37	149
GH20_control	GB_GCA_904501915.1|CAJGCV010000071.1	29.919	371	1.61e-36	148
GH20_control	GB_GCA_017937215.1|JAGBDZ010000024.1	29.692	357	3.78e-36	147
GH20_control	GB_GCA_904502165.1|CAJGDB010000007.1	30.556	360	1.67e-34	142
GH20_control	EHM047745|EHA03360_bin.17^_380	25.969	516	8.84e-34	137
GH20_control	UHM1228.23072_R.bin.109|k141_706268	29.841	315	2.71e-33	138
GH20_control	EHM034775|EHA02325_bin.5^_191	55.263	114	3.89e-33	137
GH20_control	EHM059643|EHA04398_bin.32^_295	25.969	516	8.07e-33	137
GH20_control	EHM059835|EHA04401_bin.7^_56	25.969	516	9.14e-33	137
GH20_control	EHM059788|EHA04396_bin.19^_246	25.969	516	1.01e-32	137
GH20_control	EHM047874|EHA03359_bin.11^_121	25.969	516	1.23e-32	137
GH20_control	EHM062124|EHA04394_bin.12^_70	25.969	516	1.29e-32	137
GH20_control	EHM062339|EHA04410_bin.18^_37	25.969	516	1.29e-32	137
GH20_control	EHM059995|EHA04400_bin.9^_111	25.969	516	1.29e-32	137
GH20_control	EHM060097|EHA04399_bin.22^_25	25.969	516	1.31e-32	137
GH20_control	EHM059896|EHA04409_bin.35^_83	25.969	516	1.31e-32	137
GH20_control	EHM047854|EHA03354_bin.19^_109	25.969	516	1.31e-32	137
GH20_control	EHM060165|EHA04403_bin.22^_93	25.969	516	1.31e-32	137
GH20_control	EHM047993|EHA03357_bin.24^_75	25.969	516	1.31e-32	137
GH20_control	EHM060125|EHA04395_bin.17^_4	25.969	516	1.31e-32	137
GH20_control	EHM047973|EHA03361_bin.6^_54	25.969	516	1.31e-32	137
GH20_control	EHM059934|EHA04407_bin.4^_3	25.969	516	1.31e-32	137
GH20_control	STP248.12601_R.bin.115|k141_886341	25.725	517	2.89e-32	135
GH20_control	UHM973.23044_R.bin.60|k141_542088	25.919	517	5.03e-32	135
GH20_control	EHM034529|EHA02330_bin.15^_23	25.044	563	6.00e-32	134
GH20_control	EHM034722|EHA02359_bin.21^_259	25.962	520	7.02e-32	134
GH20_control	EHM035162|EHA02340_bin.13^_36	25.962	520	1.00e-31	134
GH20_control	EHM034803|EHA02333_bin.5^_48	25.962	520	1.00e-31	134
GH20_control	EHM058868|EHA04256_bin.10^_30	25.962	520	1.00e-31	134
GH20_control	EHM059126|EHA04296_bin.33^_243	25.044	563	1.71e-31	133
GH20_control	EHM058418|EHA04286_bin.27^_124	25.044	563	2.00e-31	133
GH20_control	EHM035359|EHA02327_bin.13^_82	25.044	563	2.10e-31	133
GH20_control	EHM035248|EHA02342_bin.4^_69	25.044	563	2.11e-31	133
GH20_control	EHM059442|EHA04301_bin.9^_9	25.044	563	2.11e-31	133
GH20_control	EHM059595|EHA04267_bin.30^_72	25.044	563	2.11e-31	133
GH20_control	EHM034545|EHA02335_bin.1^_97	25.044	563	2.28e-31	133
GH20_control	EHM059209|EHA04271_bin.1^_2	25.044	563	2.33e-31	133
GH20_control	EHM035226|EHA02339_bin.9^_22	25.044	563	2.34e-31	133
GH20_control	EHM034862|EHA02329_bin.18^_95	25.044	563	2.34e-31	133
GH20_control	EHM058679|EHA04264_bin.1^_81	25.044	563	2.34e-31	133
GH20_control	EHM034590|EHA02328_bin.2^_381	25.044	563	2.92e-31	132
GH20_control	RS_GCF_001683795.1|NZ_LIGX01000026.1	25.821	457	4.71e-31	132
GH20_control	EHM034884|EHA02326_bin.13^_116	24.867	563	5.44e-31	132
GH20_control	UHM973.23044_R.bin.60|k141_184459	27.469	324	5.79e-31	131
GH20_control	STP248.12601_R.bin.115|k141_940454	27.469	324	5.84e-31	131
GH20_control	EHM059643|EHA04398_bin.32^_120	27.778	324	3.22e-30	129
GH20_control	UHM969.23061_R.bin.5|k141_392157	25.219	456	3.43e-30	129
GH20_control	EHM047874|EHA03359_bin.11^_6	27.778	324	3.74e-30	129
GH20_control	EHM059995|EHA04400_bin.9^_120	27.778	324	3.75e-30	129
GH20_control	EHM060125|EHA04395_bin.17^_67	27.778	324	3.76e-30	129
GH20_control	EHM047973|EHA03361_bin.6^_9	27.778	324	3.82e-30	129
GH20_control	EHM062124|EHA04394_bin.12^_102	27.778	324	3.85e-30	129
GH20_control	EHM060097|EHA04399_bin.22^_29	27.778	324	3.88e-30	129
GH20_control	EHM059835|EHA04401_bin.7^_67	27.778	324	3.91e-30	129
GH20_control	EHM060165|EHA04403_bin.22^_1	27.778	324	4.00e-30	129
GH20_control	EHM047993|EHA03357_bin.24^_65	27.778	324	4.09e-30	129
GH20_control	EHM034884|EHA02326_bin.13^_94	27.469	324	4.14e-30	129
GH20_control	EHM047854|EHA03354_bin.19^_76	27.469	324	4.40e-30	129
GH20_control	EHM059788|EHA04396_bin.19^_7	27.469	324	4.42e-30	129
GH20_control	EHM059896|EHA04409_bin.35^_46	27.469	324	4.50e-30	129
GH20_control	GB_GCA_905200945.1|CAJKMG010000006.1	34.500	200	5.73e-30	129
GH20_control	EHM047745|EHA03360_bin.17^_207	30.739	257	6.19e-30	127
GH20_control	UHM989.41093_R.bin.92|k141_803138	26.667	480	7.71e-30	128
GH20_control	UHM989.23064_R.bin.153|k141_205412	26.667	480	7.71e-30	128
GH20_control	UHM1080.23066_R.bin.78|k141_745242	25.439	456	7.80e-30	128
GH20_control	EHM034722|EHA02359_bin.21^_312	31.907	257	7.89e-30	127
GH20_control	UHM969.23061_R.bin.162|k141_245597	26.667	480	8.04e-30	128
GH20_control	EHM035248|EHA02342_bin.4^_35	30.739	257	1.58e-29	127
GH20_control	EHM034529|EHA02330_bin.15^_16	30.739	257	1.60e-29	127
GH20_control	EHM034545|EHA02335_bin.1^_73	30.739	257	1.62e-29	127
GH20_control	EHM059595|EHA04267_bin.30^_97	30.739	257	1.70e-29	127
GH20_control	EHM059442|EHA04301_bin.9^_16	30.739	257	1.71e-29	127
GH20_control	EHM035359|EHA02327_bin.13^_18	30.739	257	1.74e-29	127
GH20_control	EHM059209|EHA04271_bin.1^_19	30.739	257	2.12e-29	127
GH20_control	EHM035226|EHA02339_bin.9^_2	30.739	257	2.13e-29	127
GH20_control	EHM058418|EHA04286_bin.27^_187	30.739	257	2.13e-29	127
GH20_control	EHM034862|EHA02329_bin.18^_39	30.739	257	2.18e-29	127
GH20_control	EHM058679|EHA04264_bin.1^_50	30.739	257	2.18e-29	127
GH20_control	EHM034803|EHA02333_bin.5^_86	31.907	257	2.62e-29	126
GH20_control	EHM058868|EHA04256_bin.10^_12	31.907	257	2.63e-29	126
GH20_control	EHM035162|EHA02340_bin.13^_34	31.907	257	2.66e-29	126
GH20_control	EHM059126|EHA04296_bin.33^_185	31.907	257	2.71e-29	126
GH20_control	EHM058666|EHA04288_bin.17^_284	32.308	260	3.15e-29	126
GH20_control	EHM058880|EHA04256_bin.2^_25	32.308	260	3.50e-29	126
GH20_control	GB_GCA_017558555.1|JAFYUJ010000041.1	28.070	342	6.25e-29	125
GH20_control	EHM047851|EHA03354_bin.16^_6	33.077	260	6.57e-29	125
GH20_control	EHM059778|EHA04396_bin.14^_12	33.077	260	7.37e-29	125
GH20_control	EHM059655|EHA04404_bin.10^_70	33.077	260	7.52e-29	125
GH20_control	GB_GCA_905200945.1|CAJKMG010000019.1	29.217	332	7.53e-29	125
GH20_control	GB_GCA_904501955.1|CAJGCY010000113.1	29.191	346	7.67e-29	125
GH20_control	EHM034661|EHA02355_bin.12^_1	33.077	260	7.74e-29	125
GH20_control	EHM034581|EHA02328_bin.11^_49	33.077	260	7.74e-29	125
GH20_control	EHM059873|EHA04409_bin.14^_24	33.077	260	7.77e-29	125
GH20_control	EHM062382|EHA04410_bin.57^_20	33.077	260	7.77e-29	125
GH20_control	EHM035336|EHA02357_bin.3^_66	33.077	260	7.78e-29	125
GH20_control	GB_GCA_017379255.1|JAFNWZ010000267.1	45.082	122	1.02e-28	122
GH20_control	GB_GCA_017435505.1|JAFSEZ010000053.1	29.286	280	1.10e-28	124
GH20_control	EHM058731|EHA04264_bin.4^_47	31.923	260	1.16e-28	124
GH20_control	EHM059270|EHA04258_bin.7^_66	31.923	260	1.17e-28	124
GH20_control	EHM034790|EHA02333_bin.19^_14	31.923	260	1.27e-28	124
GH20_control	GB_GCA_937893015.1|CALBJX010000060.1	31.227	269	1.46e-28	124
GH20_control	EHM058433|EHA04262_bin.1^_185	32.692	260	1.70e-28	123
GH20_control	EHM034886|EHA02326_bin.15^_11	32.692	260	1.96e-28	124
GH20_control	EHM058620|EHA04270_bin.2^_42	32.692	260	2.06e-28	124
GH20_control	EHM034857|EHA02329_bin.13^_37	32.692	260	2.08e-28	124
GH20_control	EHM034775|EHA02325_bin.5^_190	32.692	260	2.14e-28	123
GH20_control	EHM034661|EHA02355_bin.12^_72	29.341	334	2.27e-28	124
GH20_control	EHM035336|EHA02357_bin.3^_25	29.341	334	2.27e-28	124
GH20_control	EHM034581|EHA02328_bin.11^_72	29.341	334	2.27e-28	124
GH20_control	EHM058620|EHA04270_bin.2^_41	29.341	334	2.40e-28	124
GH20_control	EHM034857|EHA02329_bin.13^_56	29.341	334	2.40e-28	124
GH20_control	EHM034790|EHA02333_bin.19^_35	29.341	334	2.41e-28	124
GH20_control	EHM059424|EHA04301_bin.21^_56	29.341	334	2.42e-28	124
GH20_control	EHM058731|EHA04264_bin.4^_55	29.341	334	2.58e-28	123
GH20_control	EHM047851|EHA03354_bin.16^_152	29.341	334	2.61e-28	123
GH20_control	EHM059655|EHA04404_bin.10^_62	29.341	334	2.63e-28	123
GH20_control	EHM059873|EHA04409_bin.14^_19	29.341	334	2.63e-28	123
GH20_control	EHM059156|EHA04275_bin.14^_61	29.341	334	2.65e-28	123
GH20_control	EHM058880|EHA04256_bin.2^_13	29.341	334	2.65e-28	123
GH20_control	EHM059270|EHA04258_bin.7^_54	29.341	334	2.66e-28	123
GH20_control	EHM035309|EHA02336_bin.3^_32	29.341	334	2.68e-28	123
GH20_control	EHM058986|EHA04257_bin.26^_30	29.341	334	2.68e-28	123
GH20_control	EHM035138|EHA02348_bin.11^_3	29.341	334	2.68e-28	123
GH20_control	EHM059424|EHA04301_bin.21^_12	32.692	260	2.83e-28	123
GH20_control	EHM058986|EHA04257_bin.26^_13	32.692	260	2.84e-28	123
GH20_control	EHM035138|EHA02348_bin.11^_17	32.692	260	2.84e-28	123
GH20_control	EHM035309|EHA02336_bin.3^_34	32.692	260	2.84e-28	123
GH20_control	EHM059156|EHA04275_bin.14^_66	32.692	260	2.88e-28	123
GH20_control	UHM1228.23072_R.bin.109|k141_926923	26.402	428	3.25e-28	121
GH20_control	EHM058433|EHA04262_bin.1^_74	28.829	333	3.26e-28	122
GH20_control	EHM034914|EHA02363_bin.15^_544	32.099	243	3.64e-28	123
GH20_control	EHM034886|EHA02326_bin.15^_54	29.341	334	3.76e-28	123
GH20_control	EHM059645|EHA04398_bin.34^_153	32.692	260	4.11e-28	122
GH20_control	EHM059934|EHA04407_bin.4^_95	30.233	258	4.47e-28	122
GH20_control	EHM035309|EHA02336_bin.3^_24	31.301	246	5.71e-28	122
GH20_control	EHM035138|EHA02348_bin.11^_34	31.301	246	5.71e-28	122
GH20_control	EHM034790|EHA02333_bin.19^_52	31.301	246	5.71e-28	122
GH20_control	EHM058986|EHA04257_bin.26^_15	31.301	246	5.71e-28	122
GH20_control	EHM058433|EHA04262_bin.1^_469	31.301	246	7.50e-28	122
GH20_control	EHM058731|EHA04264_bin.4^_83	31.301	246	9.31e-28	122
GH20_control	EHM059270|EHA04258_bin.7^_6	31.301	246	9.36e-28	122
GH20_control	GB_GCA_015061985.1|SUVN01000015.1	28.161	348	1.03e-27	122
GH20_control	EHM059645|EHA04398_bin.34^_411	31.923	260	1.07e-27	121
GH20_control	EHM058666|EHA04288_bin.17^_151	30.894	246	1.35e-27	120
GH20_control	EHM059645|EHA04398_bin.34^_178	30.894	246	1.59e-27	121
GH20_control	EHM034775|EHA02325_bin.5^_56	30.894	246	1.63e-27	121
GH20_control	UHM969.23061_R.bin.162|k141_643772	31.522	276	1.79e-27	121
GH20_control	EHM058620|EHA04270_bin.2^_82	30.894	246	1.84e-27	121
GH20_control	EHM034857|EHA02329_bin.13^_0	30.894	246	1.84e-27	121
GH20_control	EHM059156|EHA04275_bin.14^_43	30.894	246	1.84e-27	121
GH20_control	EHM059424|EHA04301_bin.21^_26	30.894	246	1.86e-27	121
GH20_control	EHM035336|EHA02357_bin.3^_11	30.894	246	2.30e-27	120
GH20_control	EHM034661|EHA02355_bin.12^_18	30.894	246	2.30e-27	120
GH20_control	EHM034581|EHA02328_bin.11^_21	30.894	246	2.30e-27	120
GH20_control	EHM034886|EHA02326_bin.15^_59	30.894	246	2.34e-27	120
GH20_control	EHM058880|EHA04256_bin.2^_26	30.894	246	2.35e-27	120
GH20_control	GB_GCA_017415555.1|JAFQGF010000016.1	27.457	346	3.10e-27	120
GH20_control	GB_GCA_022510805.1|JAFLSS010000079.1	30.597	268	3.86e-27	120
GH20_control	GB_GCA_022510805.1|JAFLSS010000079.1	29.555	247	8.13e-23	106
GH20_control	GB_GCA_905200945.1|CAJKMG010000007.1	30.916	262	4.28e-27	120
GH20_control	GB_GCA_947624785.1|CANQLV010000021.1	28.358	335	6.08e-27	119
GH20_control	UHM989.41093_R.bin.92|k141_184121	31.522	276	1.07e-26	118
GH20_control	UHM989.23064_R.bin.153|k141_282688	31.522	276	1.14e-26	118
GH20_control	UHM298.41072_R.bin.118|k141_1271131	30.038	263	1.24e-26	117
GH20_control	GB_GCA_030525455.1|JAUNER010000035.1	32.941	255	1.47e-26	118
GH20_control	GB_GCA_015062055.1|SUVK01000011.1	29.836	305	2.66e-26	117
GH20_control	RS_GCF_001683795.1|NZ_LIGX01000041.1	33.065	248	4.24e-26	117
GH20_control	GB_GCA_017555205.1|JAFZGW010000009.1	28.070	342	4.25e-26	117
GH20_control	GB_GCA_030535875.1|JAUNRC010000005.1	29.553	291	4.57e-26	116
GH20_control	UHM1228.41102_R.bin.103|k141_848579	25.390	449	5.02e-26	116
GH20_control	EHM058433|EHA04262_bin.1^_483	29.866	298	5.69e-26	115
GH20_control	GB_GCA_022787425.1|JALFWB010000031.1	30.189	265	6.11e-26	116
GH20_control	UHM467.41073_R.bin.119|k141_322274	26.444	329	6.41e-26	115
GH20_control	GB_GCA_015062045.1|SUVJ01000057.1	25.806	341	7.08e-26	116
GH20_control	EHM059645|EHA04398_bin.34^_429	29.866	298	7.91e-26	115
GH20_control	UHM1210.41100_R.bin.160|k141_302632	24.701	502	8.04e-26	116
GH20_control	UHM1210.23070_R.bin.39|k141_641148	24.701	502	8.05e-26	116
GH20_control	EHM047851|EHA03354_bin.16^_28	29.866	298	8.58e-26	115
GH20_control	EHM034886|EHA02326_bin.15^_18	29.866	298	9.13e-26	115
GH20_control	EHM059156|EHA04275_bin.14^_15	29.866	298	9.20e-26	115
GH20_control	EHM062382|EHA04410_bin.57^_37	29.866	298	9.32e-26	115
GH20_control	EHM059655|EHA04404_bin.10^_44	29.866	298	9.32e-26	115
GH20_control	EHM059873|EHA04409_bin.14^_50	29.866	298	9.32e-26	115
GH20_control	EHM059778|EHA04396_bin.14^_8	29.866	298	9.32e-26	115
GH20_control	GB_GCA_017472085.1|JAFUQZ010000079.1	29.153	295	9.36e-26	115
GH20_control	GB_GCA_904501915.1|CAJGCV010000061.1	29.572	257	1.05e-25	115
GH20_control	EHM059424|EHA04301_bin.21^_39	29.866	298	1.36e-25	115
GH20_control	EHM034775|EHA02325_bin.5^_253	29.866	298	1.36e-25	115
GH20_control	EHM058666|EHA04288_bin.17^_23	29.866	298	1.36e-25	115
GH20_control	EHM058986|EHA04257_bin.26^_0	29.866	298	1.38e-25	115
GH20_control	EHM035138|EHA02348_bin.11^_2	29.866	298	1.38e-25	115
GH20_control	EHM035309|EHA02336_bin.3^_22	29.866	298	1.38e-25	115
GH20_control	EHM034790|EHA02333_bin.19^_42	29.866	298	1.40e-25	115
GH20_control	EHM034581|EHA02328_bin.11^_76	29.866	298	1.43e-25	115
GH20_control	EHM035336|EHA02357_bin.3^_119	29.866	298	1.43e-25	115
GH20_control	EHM034661|EHA02355_bin.12^_64	29.866	298	1.43e-25	115
GH20_control	EHM058731|EHA04264_bin.4^_11	29.866	298	1.45e-25	115
GH20_control	EHM059270|EHA04258_bin.7^_69	29.866	298	1.45e-25	115
GH20_control	EHM034857|EHA02329_bin.13^_58	29.866	298	1.46e-25	115
GH20_control	EHM058620|EHA04270_bin.2^_51	29.866	298	1.47e-25	115
GH20_control	EHM058880|EHA04256_bin.2^_21	29.866	298	1.50e-25	115
GH20_control	UHM975.23062_R.bin.26|k141_384094	32.520	246	1.80e-25	114
GH20_control	GB_GCA_937901085.1|CALCHQ010000102.1	26.176	340	2.50e-25	114
GH20_control	UHM989.23064_R.bin.153|k141_184897	29.063	320	3.08e-25	114
GH20_control	UHM989.41093_R.bin.92|k141_678144	29.063	320	3.08e-25	114
GH20_control	UHM467.41073_R.bin.88|k141_176241	27.523	327	3.85e-25	114
GH20_control	GB_GCA_004557455.1|SFDX01000020.1	27.809	356	4.13e-25	114
GH20_control	UHM1080.23066_R.bin.78|k141_265781	26.108	406	4.18e-25	114
GH20_control	GB_GCA_017379255.1|JAFNWZ010000437.1	26.606	327	4.24e-25	114
GH20_control	GB_GCA_947601655.1|CANQGG010000023.1	29.150	247	4.34e-25	114
GH20_control	GB_GCA_947601655.1|CANQGG010000023.1	26.316	247	2.64e-19	95.5
GH20_control	UHM467.41073_R.bin.88|k141_522691	25.052	483	6.14e-25	112
GH20_control	GB_GCA_017555465.1|JAFZGH010000259.1	29.658	263	7.38e-25	113
GH20_control	GB_GCA_030523775.1|JAUNHW010000001.1	27.895	380	8.72e-25	112
GH20_control	GB_GCA_017415995.1|JAFQDN010000021.1	25.364	343	9.10e-25	112
GH20_control	GB_GCA_947632055.1|CANRNS010000049.1	30.364	247	1.02e-24	112
GH20_control	GB_GCA_947632055.1|CANRNS010000049.1	27.419	248	3.79e-18	92.0
GH20_control	UHM1080.23066_R.bin.78|k141_403929	29.964	277	1.25e-24	112
GH20_control	UHM1327.23073_R.bin.104|k141_1148535	30.333	300	1.26e-24	112
GH20_control	UHM1327.41103_R.bin.13|k141_85332	30.333	300	1.35e-24	112
GH20_control	UHM245.23042_R.bin.54|k141_254575	29.964	277	1.46e-24	112
GH20_control	RS_GCF_001683795.1|NZ_LIGX01000004.1	27.824	363	1.48e-24	112
GH20_control	EHM047773|EHA03362_bin.15^_18	29.964	277	1.50e-24	112
GH20_control	UHM969.23061_R.bin.5|k141_247331	29.964	277	1.79e-24	112
GH20_control	UHM1327.23073_R.bin.104|k141_610063	27.077	325	1.89e-24	111
GH20_control	UHM1327.41103_R.bin.13|k141_726718	27.077	325	1.90e-24	111
GH20_control	GB_GCA_945947905.1|CAMEZO010000012.1	29.434	265	2.10e-24	111
GH20_control	GB_GCA_947626545.1|CANQSS010000024.1	30.364	247	3.71e-24	110
GH20_control	EHM058433|EHA04262_bin.1^_280	30.932	236	4.49e-24	109
GH20_control	GB_GCA_947624205.1|CANQJI010000022.1	30.588	255	5.01e-24	110
GH20_control	GB_GCA_947624205.1|CANQJI010000022.1	26.337	243	1.76e-18	93.2
GH20_control	GB_GCA_947624205.1|CANQJI010000018.1	28.745	247	5.85e-24	110
GH20_control	UHM969.23061_R.bin.162|k141_624470	28.438	320	5.87e-24	110
GH20_control	GB_GCA_017409465.1|JAFQSQ010000028.1	29.719	249	7.60e-24	110
GH20_control	GB_GCA_947588735.1|CANQAD010000044.1	26.796	362	9.37e-24	109
GH20_control	GB_GCA_947588735.1|CANQAD010000044.1	25.911	247	1.21e-17	90.5
GH20_control	UHM1110.41099_R.bin.126|k141_715722	31.102	254	1.02e-23	109
GH20_control	UHM1110.23068_R.bin.209|k141_303551	31.102	254	1.02e-23	109
GH20_control	GB_GCA_030531305.1|JAUNNT010000001.1	29.617	287	1.36e-23	109
GH20_control	GB_GCA_017398765.1|JAFQEY010000007.1	29.885	261	1.43e-23	108
GH20_control	UHM1080.23066_R.bin.78|k141_566902	30.864	243	1.43e-23	108
GH20_control	GB_GCA_904502165.1|CAJGDB010000011.1	27.473	273	1.80e-23	108
GH20_control	GB_GCA_904501975.1|CAJGCZ010000007.1	27.300	337	1.97e-23	108
GH20_control	GB_GCA_937905985.1|CALCWC010000069.1	30.038	263	2.23e-23	108
GH20_control	GB_GCA_017521145.1|JAFXDR010000163.1	28.058	278	2.77e-23	108
GH20_control	GB_GCA_021200315.1|JAJQGU010000046.1	30.916	262	3.08e-23	108
GH20_control	GB_GCA_015062015.1|SUVM01000008.1	29.839	248	5.64e-23	107
GH20_control	GB_GCA_024405455.1|JAKSOT010000021.1	27.095	358	5.77e-23	107
GH20_control	GB_GCA_015062005.1|SUVL01000013.1	27.935	247	7.64e-23	106
GH20_control	GB_GCA_015062005.1|SUVL01000013.1	25.581	301	8.92e-18	90.9
GH20_control	GB_GCA_015062005.1|SUVL01000013.1	21.659	434	1.11e-15	84.3
GH20_control	GB_GCA_017435365.1|JAFSFD010000024.1	27.106	273	8.06e-23	106
GH20_control	GB_GCA_947628035.1|CANQYL010000024.1	28.629	248	9.30e-23	106
GH20_control	EHM058666|EHA04288_bin.17^_200	31.556	225	1.26e-22	105
GH20_control	GB_GCA_024405435.1|JAKSOU010000026.1	25.634	355	2.64e-22	105
GH20_control	GB_GCA_017521145.1|JAFXDR010000164.1	26.374	273	2.67e-22	104
GH20_control	GB_GCA_017558555.1|JAFYUJ010000049.1	25.414	362	2.71e-22	105
GH20_control	GB_GCA_947039485.1|CAMQZC010000032.1	28.614	332	3.34e-22	104
GH20_control	STP294.12602_R.bin.124|k141_479110	25.390	449	4.61e-22	104
GH20_control	UHM1080.41097_R.bin.23|k141_343571	25.664	452	5.03e-22	104
GH20_control	UHM993.41094_R.bin.52|k141_356022	25.390	449	5.70e-22	103
GH20_control	EHM034775|EHA02325_bin.5^_37	33.155	187	1.61e-21	101
GH20_control	GB_GCA_947585525.1|CANPXA010000020.1	28.279	244	1.67e-21	102
GH20_control	GB_GCA_937885815.1|CALABM010000117.1	28.000	275	1.95e-21	102
GH20_control	GB_GCA_017546445.1|JAFYWX010000084.1	26.007	273	1.99e-21	102
GH20_control	GB_GCA_004557455.1|SFDX01000004.1	26.064	376	4.38e-21	101
GH20_control	GB_GCA_022787425.1|JALFWB010000011.1	26.064	376	4.65e-21	101
GH20_control	GB_GCA_904501915.1|CAJGCV010000001.1	25.275	273	9.72e-21	100
GH20_control	GB_GCA_947626635.1|CANQSY010000063.1	27.459	244	1.87e-20	99.4
GH20_control	GB_GCA_945947905.1|CAMEZO010000002.1	25.798	376	2.49e-20	99.0
GH20_control	EHM058433|EHA04262_bin.1^_380	35.000	160	9.34e-20	95.5
GH20_control	GB_GCA_030525455.1|JAUNER010000010.1	25.806	248	1.01e-19	97.1
GH20_control	UHM967.23060_R.bin.96|k141_227453	23.757	543	4.54e-19	95.1
GH20_control	EHM059645|EHA04398_bin.34^_488	23.396	530	5.02e-19	94.7
GH20_control	UHM975.23062_R.bin.26|k141_489062	23.757	543	5.90e-19	94.4
GH20_control	UHM979.41089_R.bin.124|k141_1195323	23.757	543	6.61e-19	94.4
GH20_control	EHM058433|EHA04262_bin.1^_294	23.396	530	6.67e-19	94.0
GH20_control	UHM979.23045_R.bin.184|k141_88664	23.757	543	7.61e-19	94.4
GH20_control	EHM034590|EHA02328_bin.2^_379	34.375	128	1.28e-18	93.2
GH20_control	GB_GCA_019115065.1|DXEH01000089.1	22.637	455	8.82e-18	90.9
GH20_control	GB_GCA_022510805.1|JAFLSS010000013.1	23.263	331	1.09e-17	90.5
GH20_control	UHM1228.23072_R.bin.109|k141_1056730	24.731	465	1.33e-17	89.7
GH20_control	EHM047773|EHA03362_bin.15^_4	26.087	345	1.70e-17	90.1
GH20_control	UHM1073.41096_R.bin.29|k141_219500	23.247	542	1.91e-17	89.7
GH20_control	GB_GCA_019114365.1|DXFQ01000096.1	27.055	292	1.91e-17	89.7
GH20_control	GB_GCA_937901085.1|CALCHQ010000104.1	22.727	506	2.40e-17	89.4
GH20_control	GB_GCA_937901085.1|CALCHQ010000104.1	26.736	288	5.88e-17	88.2
GH20_control	UHM245.23042_R.bin.54|k141_354498	26.087	345	2.54e-17	89.4
GH20_control	UHM969.23061_R.bin.5|k141_136695	26.087	345	2.63e-17	89.4
GH20_control	GB_GCA_030523775.1|JAUNHW010000015.1	22.198	455	2.74e-17	89.4
GH20_control	GB_GCA_947626635.1|CANQSY010000004.1	24.033	362	5.34e-17	88.2
GH20_control	RS_GCF_001683795.1|NZ_LIGX01000002.1	25.163	306	6.92e-17	88.2
GH20_control	STP248.12601_R.bin.115|k141_98885	24.406	463	7.56e-17	87.8
GH20_control	GB_GCA_947626545.1|CANQSS010000045.1	22.044	499	7.63e-17	87.8
GH20_control	GB_GCA_947630815.1|CANRJD010000018.1	22.819	447	8.07e-17	87.8
GH20_control	UHM1080.23066_R.bin.78|k141_463851	26.667	255	9.71e-17	87.4
GH20_control	GB_GCA_021200315.1|JAJQGU010000034.1	26.641	259	1.00e-16	87.4
GH20_control	GB_GCA_937905985.1|CALCWC010000128.1	22.146	438	1.22e-16	87.4
GH20_control	GB_GCA_905200945.1|CAJKMG010000023.1	22.344	273	1.24e-16	87.0
GH20_control	GB_GCA_017379255.1|JAFNWZ010000281.1	25.325	308	1.26e-16	85.9
GH20_control	GB_GCA_017435365.1|JAFSFD010000015.1	26.104	249	1.57e-16	87.0
GH20_control	GB_GCA_017435365.1|JAFSFD010000015.1	21.429	434	5.63e-15	82.0
GH20_control	GB_GCA_015061985.1|SUVN01000001.1	25.000	300	1.70e-16	86.7
GH20_control	GB_GCA_024405455.1|JAKSOT010000038.1	23.529	340	1.86e-16	86.7
GH20_control	GB_GCA_036644695.1|JAVXPO010000015.1	24.129	373	2.32e-16	86.3
GH20_control	UHM467.41073_R.bin.119|k141_911264	25.225	333	2.88e-16	85.9
GH20_control	GB_GCA_030525455.1|JAUNER010000013.1	22.024	504	4.59e-16	85.5
GH20_control	UHM467.41073_R.bin.88|k141_1239800	22.359	407	6.02e-16	84.7
GH20_control	GB_GCA_019114365.1|DXFQ01000165.1	37.984	129	6.10e-16	84.7
GH20_control	EHM034914|EHA02363_bin.15^_435	24.507	355	6.62e-16	84.3
GH20_control	GB_GCA_024405455.1|JAKSOT010000026.1	21.319	455	1.18e-15	84.0
GH20_control	GB_GCA_030531305.1|JAUNNT010000002.1	21.868	471	1.31e-15	84.0
GH20_control	GB_GCA_019114365.1|DXFQ01000069.1	22.535	426	1.64e-15	83.6
GH20_control	UHM1327.23073_R.bin.104|k141_518838	22.113	407	2.71e-15	82.8
GH20_control	GB_GCA_947601655.1|CANQGG010000018.1	24.242	264	2.75e-15	82.8
GH20_control	UHM1327.41103_R.bin.13|k141_97258	22.113	407	2.79e-15	82.8
GH20_control	GB_GCA_017937215.1|JAGBDZ010000019.1	22.244	508	3.09e-15	82.8
GH20_control	GB_GCA_017937215.1|JAGBDZ010000019.1	24.303	251	2.38e-13	76.6
GH20_control	GB_GCA_017379255.1|JAFNWZ010000351.1	26.740	273	3.30e-15	82.0
GH20_control	EHM059788|EHA04396_bin.19^_180	23.136	523	3.43e-15	82.4
GH20_control	GB_GCA_017558555.1|JAFYUJ010000069.1	22.374	514	3.56e-15	82.4
GH20_control	EHM059643|EHA04398_bin.32^_222	23.136	523	3.67e-15	82.4
GH20_control	EHM047874|EHA03359_bin.11^_125	23.136	523	3.73e-15	82.4
GH20_control	GB_GCA_017472085.1|JAFUQZ010000078.1	25.000	388	3.85e-15	82.4
GH20_control	EHM060125|EHA04395_bin.17^_47	23.136	523	3.85e-15	82.4
GH20_control	EHM059934|EHA04407_bin.4^_20	23.136	523	3.86e-15	82.4
GH20_control	EHM059896|EHA04409_bin.35^_92	23.136	523	3.86e-15	82.4
GH20_control	EHM047973|EHA03361_bin.6^_84	23.136	523	3.86e-15	82.4
GH20_control	EHM060165|EHA04403_bin.22^_40	23.136	523	3.86e-15	82.4
GH20_control	EHM059995|EHA04400_bin.9^_73	23.136	523	3.87e-15	82.4
GH20_control	EHM062124|EHA04394_bin.12^_23	23.136	523	3.87e-15	82.4
GH20_control	EHM047854|EHA03354_bin.19^_21	23.136	523	3.88e-15	82.4
GH20_control	EHM060097|EHA04399_bin.22^_8	23.136	523	3.89e-15	82.4
GH20_control	UHM1225.41101_R.bin.117|k141_886939	22.604	407	4.29e-15	82.4
GH20_control	UHM1225.23071_R.bin.67|k141_1013221	22.604	407	4.30e-15	82.4
GH20_control	UHM973.23044_R.bin.60|k141_11277	23.974	463	4.49e-15	82.0
GH20_control	UHM1210.23070_R.bin.39|k141_1085147	22.604	407	4.59e-15	82.0
GH20_control	UHM1228.23072_R.bin.119|k141_616348	22.604	407	4.61e-15	82.0
GH20_control	UHM1228.41102_R.bin.103|k141_23858	22.604	407	4.71e-15	82.0
GH20_control	GB_GCA_017435505.1|JAFSEZ010000029.1	24.654	361	5.43e-15	82.0
GH20_control	GB_GCA_017546445.1|JAFYWX010000006.1	21.912	502	8.17e-15	81.3
GH20_control	GB_GCA_947588735.1|CANQAD010000029.1	22.196	419	9.32e-15	81.3
GH20_control	GB_GCA_947624205.1|CANQJI010000016.1	22.442	303	9.73e-15	81.3
GH20_control	UHM298.41072_R.bin.118|k141_584955	23.982	442	1.06e-14	80.9
GH20_control	GB_GCA_024405435.1|JAKSOU010000038.1	20.957	439	1.12e-14	80.9
GH20_control	UHM989.41093_R.bin.92|k141_190528	22.977	383	1.47e-14	80.5
GH20_control	UHM989.23064_R.bin.153|k141_424584	22.977	383	1.47e-14	80.5
GH20_control	UHM969.23061_R.bin.162|k141_514719	22.977	383	1.62e-14	80.5
GH20_control	GB_GCA_904502165.1|CAJGDB010000058.1	23.413	504	1.68e-14	80.5
GH20_control	GB_GCA_904502165.1|CAJGDB010000058.1	22.525	404	2.25e-14	79.7
GH20_control	GB_GCA_017558555.1|JAFYUJ010000071.1	24.234	359	1.82e-14	80.1
GH20_control	EHM034884|EHA02326_bin.13^_177	23.581	458	2.13e-14	79.7
GH20_control	EHM058679|EHA04264_bin.1^_74	23.581	458	2.42e-14	79.7
GH20_control	EHM058679|EHA04264_bin.1^_74	24.725	364	4.78e-14	79.0
GH20_control	EHM058418|EHA04286_bin.27^_83	23.581	458	2.50e-14	79.7
GH20_control	EHM059209|EHA04271_bin.1^_25	23.581	458	2.57e-14	79.7
GH20_control	EHM059209|EHA04271_bin.1^_25	24.725	364	4.78e-14	79.0
GH20_control	EHM035226|EHA02339_bin.9^_35	23.581	458	2.57e-14	79.7
GH20_control	EHM035226|EHA02339_bin.9^_35	24.725	364	4.78e-14	79.0
GH20_control	EHM034862|EHA02329_bin.18^_94	23.581	458	2.57e-14	79.7
GH20_control	EHM034862|EHA02329_bin.18^_94	24.725	364	4.78e-14	79.0
GH20_control	GB_GCA_030531305.1|JAUNNT010000014.1	23.373	338	2.75e-14	79.7
GH20_control	GB_GCA_022510805.1|JAFLSS010000029.1	21.040	423	2.81e-14	79.7
GH20_control	UHM975.23062_R.bin.26|k141_609404	24.364	275	3.11e-14	79.3
GH20_control	EHM058418|EHA04286_bin.27^_119	24.725	364	3.39e-14	79.0
GH20_control	EHM034722|EHA02359_bin.21^_250	24.725	364	3.54e-14	79.0
GH20_control	EHM034722|EHA02359_bin.21^_250	22.753	523	3.70e-14	79.0
GH20_control	EHM059595|EHA04267_bin.30^_56	24.725	364	3.56e-14	79.3
GH20_control	EHM059595|EHA04267_bin.30^_56	23.362	458	5.08e-14	79.0
GH20_control	UHM979.41089_R.bin.124|k141_1297801	24.364	275	3.60e-14	79.3
GH20_control	UHM979.23045_R.bin.184|k141_54708	24.364	275	3.60e-14	79.3
GH20_control	EHM034590|EHA02328_bin.2^_363	24.725	364	3.71e-14	79.0
GH20_control	EHM034590|EHA02328_bin.2^_363	23.056	373	1.34e-09	64.3
GH20_control	EHM034914|EHA02363_bin.15^_508	24.725	364	3.77e-14	79.0
GH20_control	EHM059126|EHA04296_bin.33^_262	24.725	364	3.90e-14	79.0
GH20_control	EHM059126|EHA04296_bin.33^_262	22.340	282	6.74e-04	45.8
GH20_control	EHM034529|EHA02330_bin.15^_132	24.725	364	4.15e-14	79.0
GH20_control	EHM034529|EHA02330_bin.15^_132	22.812	377	3.09e-09	63.2
GH20_control	EHM058868|EHA04256_bin.10^_24	22.753	523	4.32e-14	79.0
GH20_control	EHM058868|EHA04256_bin.10^_24	24.725	364	4.59e-14	79.0
GH20_control	EHM034803|EHA02333_bin.5^_42	22.753	523	4.32e-14	79.0
GH20_control	EHM034803|EHA02333_bin.5^_42	24.725	364	4.59e-14	79.0
GH20_control	EHM035162|EHA02340_bin.13^_37	22.753	523	4.35e-14	79.0
GH20_control	EHM035162|EHA02340_bin.13^_37	24.725	364	4.62e-14	79.0
GH20_control	EHM035248|EHA02342_bin.4^_43	24.725	364	4.52e-14	79.0
GH20_control	EHM035248|EHA02342_bin.4^_43	23.362	458	5.01e-14	79.0
GH20_control	EHM034545|EHA02335_bin.1^_109	24.725	364	4.56e-14	79.0
GH20_control	EHM034545|EHA02335_bin.1^_109	23.362	458	5.06e-14	79.0
GH20_control	EHM035359|EHA02327_bin.13^_46	24.725	364	4.57e-14	79.0
GH20_control	EHM035359|EHA02327_bin.13^_46	23.362	458	5.06e-14	79.0
GH20_control	EHM059442|EHA04301_bin.9^_12	24.725	364	4.57e-14	79.0
GH20_control	EHM059442|EHA04301_bin.9^_12	23.362	458	5.07e-14	79.0
GH20_control	GB_GCA_017555465.1|JAFZGH010000236.1	24.272	309	4.57e-14	79.0
GH20_control	UHM467.41073_R.bin.88|k141_768486	28.571	182	5.92e-14	78.2
GH20_control	GB_GCA_904501915.1|CAJGCV010000036.1	22.779	439	6.87e-14	78.6
GH20_control	GB_GCA_904501915.1|CAJGCV010000036.1	24.013	304	8.67e-13	74.7
GH20_control	GB_GCA_017546445.1|JAFYWX010000060.1	23.600	250	7.75e-14	78.2
GH20_control	GB_GCA_937905985.1|CALCWC010000001.1	23.625	309	9.31e-14	78.2
GH20_control	GB_GCA_024405435.1|JAKSOU010000127.1	24.806	258	1.10e-13	77.0
GH20_control	UHM973.23044_R.bin.60|k141_295046	23.642	313	1.36e-13	77.4
GH20_control	GB_GCA_030525455.1|JAUNER010000004.1	24.038	312	1.43e-13	77.4
GH20_control	GB_GCA_030523775.1|JAUNHW010000003.1	24.809	262	1.44e-13	77.4
GH20_control	GB_GCA_017409465.1|JAFQSQ010000016.1	23.940	401	1.89e-13	77.0
GH20_control	GB_GCA_947628035.1|CANQYL010000016.1	22.606	376	1.97e-13	77.0
GH20_control	EHM034775|EHA02325_bin.5^_262	40.426	94	3.27e-13	75.9
GH20_control	STP294.12602_R.bin.124|k141_744073	24.316	329	3.48e-13	76.3
GH20_control	GB_GCA_017555465.1|JAFZGH010000158.1	23.482	247	3.54e-13	75.5
GH20_control	GB_GCA_937893015.1|CALBJX010000053.1	22.744	277	4.35e-13	75.9
GH20_control	UHM1088.23067_R.bin.125|k141_1154999	24.316	329	4.54e-13	75.9
GH20_control	UHM1073.41096_R.bin.29|k141_332832	24.316	329	4.69e-13	75.9
GH20_control	UHM993.41094_R.bin.52|k141_567236	24.316	329	5.03e-13	75.5
GH20_control	UHM993.23065_R.bin.161|k141_764879	24.316	329	5.07e-13	75.5
GH20_control	GB_GCA_904501915.1|CAJGCV010000105.1	23.181	371	6.49e-13	75.1
GH20_control	GB_GCA_017521145.1|JAFXDR010000170.1	24.000	250	7.20e-13	75.1
GH20_control	GB_GCA_017521145.1|JAFXDR010000170.1	23.377	308	1.13e-10	68.2
GH20_control	GB_GCA_947632055.1|CANRNS010000012.1	23.469	392	9.56e-13	74.7
GH20_control	UHM1080.41097_R.bin.23|k141_320956	24.012	329	1.00e-12	74.7
GH20_control	UHM1110.41099_R.bin.126|k141_280194	24.901	253	1.24e-12	74.3
GH20_control	UHM1110.23068_R.bin.209|k141_446605	24.901	253	1.24e-12	74.3
GH20_control	EHM060125|EHA04395_bin.17^_27	24.000	225	1.38e-12	74.3
GH20_control	EHM034914|EHA02363_bin.15^_345	22.926	458	1.79e-12	73.2
GH20_control	GB_GCA_030535875.1|JAUNRC010000043.1	22.517	302	2.33e-12	73.6
GH20_control	GB_GCA_017415995.1|JAFQDN010000004.1	22.442	303	2.57e-12	73.6
GH20_control	EHM047993|EHA03357_bin.24^_9	23.944	213	2.93e-12	73.2
GH20_control	STP248.12601_R.bin.115|k141_878855	24.111	253	3.35e-12	73.2
GH20_control	GB_GCA_937885815.1|CALABM010000065.1	23.123	333	5.04e-12	72.4
GH20_control	GB_GCA_017415555.1|JAFQGF010000029.1	24.373	279	1.03e-11	71.2
GH20_control	GB_GCA_017379255.1|JAFNWZ010000223.1	23.600	250	3.46e-11	69.7
GH20_control	GB_GCA_017555205.1|JAFZGW010000013.1	24.286	280	1.28e-10	67.8
GH20_control	GB_GCA_015062015.1|SUVM01000114.1	21.829	339	2.22e-10	67.0
GH20_control	GB_GCA_904501975.1|CAJGCZ010000010.1	23.137	255	2.80e-10	66.6
GH20_control	GB_GCA_015062055.1|SUVK01000008.1	22.185	302	1.24e-09	64.7
GH20_control	EHM058666|EHA04288_bin.17^_7	35.632	87	2.07e-09	63.5
GH20_control	UHM1228.41102_R.bin.103|k141_5717	23.590	195	3.45e-09	62.8
GH20_control	EHM059645|EHA04398_bin.34^_213	35.802	81	8.39e-09	61.6
GH20_control	GB_GCA_904501955.1|CAJGCY010000017.1	22.441	254	8.40e-09	62.0
GH20_control	GB_GCA_015062045.1|SUVJ01000030.1	22.353	255	1.46e-08	61.2
GH20_control	EHM034722|EHA02359_bin.21^_462	24.590	366	4.73e-08	58.9
GH20_control	EHM059788|EHA04396_bin.19^_175	36.471	85	1.65e-07	57.4
GH20_control	UHM1225.41101_R.bin.117|k141_178144	33.824	68	2.00e-06	54.3
GH20_control	UHM1225.23071_R.bin.67|k141_135346	33.824	68	2.00e-06	54.3
GH20_control	GB_GCA_904502165.1|CAJGDB010000003.1	34.194	155	4.72e-06	53.1
GH20_control	EHM062124|EHA04394_bin.12^_111	21.311	183	1.74e-05	51.2
GH20_control	EHM047745|EHA03360_bin.17^_75	23.622	127	3.49e-05	50.1
GH20_control	GB_GCA_017521145.1|JAFXDR010000043.1	35.294	119	1.42e-04	48.1
GH20_control	GB_GCA_017521145.1|JAFXDR010000079.1	32.877	146	2.11e-04	47.8
GH20_control	EHM047745|EHA03360_bin.17^_413	22.013	318	3.44e-04	47.0
